clasificare,text
Technology,Artificial intelligence is transforming how we interact with digital devices. From voice assistants to recommendation algorithms
Health,Regular physical activity and a balanced diet are key to maintaining heart health. Studies show that 30 minutes of walking daily can reduce the risk of cardiovascular disease.
Environment,Climate change is causing more frequent extreme weather events. Rising global temperatures threaten biodiversity and natural ecosystems worldwide.
Sports,The Olympic Games bring together athletes from over 200 countries. Gymnastics and swimming are among the most watched events each summer.
Business,Entrepreneurship requires risk management and market research. Small businesses contribute significantly to job creation and local economic growth.
Education,Online learning platforms have made education more accessible. Students can now earn degrees from top universities without relocating.
Politics,Democracy depends on active citizen participation in elections. Transparent governance and free press are pillars of accountable political systems.
Entertainment,Streaming services have changed how people consume movies and music. Original content production is now a major focus for platforms like Netflix and Amazon.
Science,CRISPR gene editing technology offers potential cures for genetic disorders. Ethical debates continue over the limits of human genome modification.
Travel,Exploring national parks allows visitors to experience untouched natural beauty. Sustainable tourism practices help preserve landmarks for future generations.
Technology,Blockchain technology extends beyond cryptocurrencies. It is now used for supply chain tracking
Health,Mental health awareness has grown significantly in recent years. Meditation and therapy are proven methods for managing anxiety and depression.
Environment,Plastic pollution poses a serious threat to marine life. Millions of tons of plastic waste enter the ocean each year
Sports,The FIFA World Cup unites billions of fans every four years. Soccer remains the most popular sport globally with over 250 million players.
Business,Remote work has reshaped corporate culture and office real estate. Companies now invest more in digital collaboration tools than physical meeting spaces.
Education,STEM education encourages critical thinking and problem solving. Schools worldwide are integrating coding and robotics into their curricula.
Politics,International diplomacy often requires compromise and negotiation. Trade agreements between nations can lower tariffs and boost economic cooperation.
Entertainment,Video game sales now surpass movie and music industry revenues. Esports tournaments fill stadiums and offer million-dollar prize pools.
Science,Space exploration has entered a new era with private companies launching rockets. Mars colonization and lunar bases are no longer just science fiction.
Travel,Japan offers a unique blend of ancient tradition and futuristic cities. Tourists visit Kyoto's temples and Tokyo's neon-lit streets in equal numbers.
Technology,Cybersecurity threats are evolving with artificial intelligence. Companies must protect customer data from phishing attacks and ransomware.
Health,Vaccination programs have saved millions of lives worldwide. Herd immunity protects vulnerable populations from preventable diseases.
Environment,Deforestation in the Amazon rainforest accelerates climate change. Conservation efforts aim to balance agriculture with forest protection.
Sports,The Tour de France tests endurance across three weeks of cycling. Riders face mountain climbs and high-speed descents through French countryside.
Business,E-commerce giants like Amazon have changed consumer expectations. Same day delivery and free returns are now standard for many online shoppers.
Education,Bilingual education improves cognitive flexibility and cultural understanding. Children who learn two languages often perform better in executive function tasks.
Politics,Social movements can drive legislative change over time. Grassroots campaigns have successfully influenced voting rights and environmental policies.
Entertainment,Podcasts have revived long form audio storytelling. True crime and self help genres dominate the top charts on Spotify and Apple Podcasts.
Science,Renewable energy technology is becoming cheaper than fossil fuels. Solar and wind power now provide a growing percentage of global electricity.
Travel,Italy's culinary tourism attracts millions of food lovers. Cooking classes in Tuscany and wine tours in Piedmont are popular vacation activities.
Technology,5G networks promise faster speeds and lower latency than 4G. This technology enables real time remote surgery and autonomous vehicle communication.
Health,Getting seven to nine hours of sleep per night improves memory and immune function. Chronic sleep deprivation is linked to obesity and heart disease.
Environment,Recycling programs reduce landfill waste and conserve natural resources. Aluminum cans can be recycled indefinitely without losing quality.
Sports,Basketball requires a combination of height agility and teamwork. The NBA season includes 82 games per team before the playoffs begin.
Business,Supply chain disruptions during the pandemic highlighted the need for local manufacturing. Companies now diversify suppliers to reduce risk.
Education,Project based learning helps students apply knowledge to real world problems. Group assignments develop communication and leadership skills.
Politics,The United Nations General Assembly meets annually in New York. Representatives from 193 member states discuss global issues like peace and security.
Entertainment,Reality television shows attract millions of viewers despite criticism. Competition formats like singing or cooking contests remain especially popular.
Science,Quantum computing uses qubits instead of traditional bits. This allows calculations that would take classical computers thousands of years.
Travel,Bali Indonesia offers surfing beaches and rice terraces. Digital nomads flock to Canggu for affordable living and strong internet connections.
Technology,The Internet of Things connects everyday devices to the internet. Smart thermostats and refrigerators can reduce energy consumption automatically.
Health,Plant based diets are associated with lower risks of type two diabetes. Legumes whole grains and nuts provide essential proteins without saturated fats.
Environment,Wildfires have become more frequent due to drought and heatwaves. Firefighting resources are stretched thin during summer months in California.
Sports,Swimming is a low impact exercise suitable for all ages. Regular laps improve lung capacity and cardiovascular endurance.
Business,Cryptocurrency markets are highly volatile compared to traditional stocks. Investors risk significant losses without proper research.
Education,Standardized tests remain controversial in college admissions. Critics argue they favor wealthy students with access to test preparation courses.
Politics,Censorship laws vary widely between democratic and authoritarian nations. Free speech advocates push back against government control of information.
Entertainment,Concerts and music festivals generate billions in annual revenue. Live Nation controls a large share of ticket sales worldwide.
Science,Vaccines work by training the immune system to recognize pathogens. The mRNA platform used for COVID shots is now being tested for cancer treatment.
Travel,New Zealand's South Island features fjords glaciers and mountains. Adventure tourists enjoy bungee jumping and skydiving in Queenstown.
Technology,Autonomous vehicles use cameras radar and lidar to navigate. Tesla Waymo and Cruise are competing to lead the self driving car market.
Health,Antibiotic resistance is a growing global health crisis. Overuse of antibiotics in livestock and humans accelerates bacterial adaptation.
Environment,Ocean acidification harms shellfish and coral reefs. Carbon dioxide absorption makes seawater more corrosive to calcium carbonate structures.
Sports,Tennis players compete in four Grand Slam tournaments each year. The French Open's clay surface slows the ball compared to Wimbledon's grass.
Business,The gig economy includes Uber drivers and freelance writers. Workers sacrifice job security for flexibility and independence.
Education,Charter schools receive public funding but operate independently. Proponents say they offer parents alternatives to failing traditional schools.
Politics,Immigration policy remains a divisive issue in many countries. Border control economic impact and humanitarian concerns all factor into debates.
Entertainment,Board games have seen a renaissance in the digital age. Settlers of Catan and Ticket to Ride sell millions of copies annually.
Science,Neuroscience has mapped many brain functions using fMRI scans. Understanding consciousness and memory remains an ongoing challenge.
Travel,Portugal's Algarve coast is known for golden cliffs and hidden beaches. Visitors can explore sea caves by kayak or small boat.
Technology,Wireless charging is becoming standard on smartphones and earbuds. Qi technology eliminates the need for multiple cables and adapters.
Health,Intermittent fasting involves cycling between eating and fasting periods. Some studies suggest it improves insulin sensitivity and cellular repair.
Environment,Vertical farming grows crops in stacked indoor layers. This method uses less water and land than traditional agriculture.
Sports,Baseball analytics have changed defensive positioning and batting order. The shift and launch angle revolution originated with Moneyball principles.
Business,Influencer marketing on Instagram and TikTok drives product sales. Micro influencers with smaller followings often have higher engagement rates.
Education,Special education services are legally required for students with disabilities. Individualized Education Plans tailor instruction to each child's needs.
Politics,Tax policy affects economic behavior and government revenue. Higher corporate taxes may discourage investment but fund social programs.
Entertainment,Musical theater productions like Hamilton and Wicked tour globally. Broadway in New York remains the industry's most prestigious stage.
Science,Geology explains earthquake patterns through plate tectonics. The Pacific Ring of Fire experiences the most seismic activity on Earth.
Travel,Thailand's street food scene in Bangkok attracts culinary tourists. Pad Thai mango sticky rice and tom yum soup are local favorites.
Technology,Biometric authentication uses fingerprints or facial recognition. Smartphones and laptops now routinely include these security features.
Health,Physical therapy helps patients recover from injuries and surgeries. Custom exercise plans restore mobility and reduce chronic pain.
Environment,National parks protect endangered species and natural landmarks. Yellowstone was the first national park established in 1872.
Sports,Marathon running requires months of training and endurance. The 42.195 kilometer distance originates from ancient Greek legend.
Business,Franchising allows entrepreneurs to operate under established brands. McDonald's and Subway use this model to expand globally.
Education,Preschool education builds social and cognitive foundations. Early childhood programs correlate with higher high school graduation rates.
Politics,Electoral college systems can produce winners who lose the popular vote. This has happened five times in US presidential history.
Entertainment,Dance competitions like So You Think You Can Dance showcase talent. Styles range from ballet and hip hop to ballroom and contemporary.
Science,Paleontology studies ancient life through fossil evidence. Dinosaur discoveries continue in remote regions like Patagonia and the Gobi Desert.
Travel,Iceland's geothermal springs and northern lights draw winter tourists. The Golden Circle route includes waterfalls geysers and tectonic rift valleys.
Technology,Cloud computing allows businesses to store data on remote servers. Amazon Web Services and Microsoft Azure dominate this multi billion dollar industry.
Technology,Open source software like Linux powers most of the internet. Developers worldwide collaborate for free to improve security and features.
Technology,Virtual reality headsets are used for training surgeons and pilots. The technology simulates real world scenarios without physical risk.
Technology,Smartphone cameras now use computational photography to enhance images. Multiple lenses and AI processing rival traditional DSLR quality.
Technology,Wearable fitness trackers monitor heart rate steps and sleep patterns. Apple Fitbit and Garmin compete in this growing health tech market.
Health,Hand washing with soap remains the most effective way to prevent infection. Hospitals enforce strict hygiene protocols to protect patients.
Health,Regular dental checkups prevent cavities and gum disease. Fluoride treatments strengthen enamel and reduce decay risk by 25 percent.
Health,Smoking tobacco causes lung cancer heart disease and emphysema. Quitting before age 40 reduces smoking related death risk by 90 percent.
Health,Vaccines undergo rigorous clinical trials before public approval. Three phases of testing ensure safety and effectiveness against diseases.
Health,Stretching exercises improve flexibility and reduce injury risk. Dynamic stretching before activity and static stretching after are recommended.
Environment,Solar panels convert sunlight into electricity without emissions. Installation costs have dropped 80 percent in the last decade.
Environment,Electric vehicles produce no tailpipe pollution. Battery production however requires lithium mining which has environmental impacts.
Environment,Water conservation efforts include fixing leaks and using efficient fixtures. A dripping faucet can waste over 3000 gallons per year.
Environment,Composting food scraps reduces methane emissions from landfills. Organic waste turns into nutrient rich soil for gardening.
Environment,Green building design maximizes natural light and insulation. LEED certified buildings use 25 percent less energy than conventional ones.
Sports,Soccer players run an average of seven miles per game. Midfielders cover the most distance during ninety minutes of play.
Sports,Weightlifting increases bone density and muscle mass. Compound exercises like squats and deadlifts engage multiple muscle groups.
Sports,Golf requires precision and mental focus over eighteen holes. The Masters tournament at Augusta National is played each April.
Sports,Hockey players skate at speeds up to 30 miles per hour. Hard rubber pucks can cause serious injury without proper protective gear.
Sports,Yoga combines physical postures with breathing techniques. Regular practice reduces stress and improves balance and core strength.
Business,Startups often fail within the first five years due to cash flow problems. Lean methodology helps entrepreneurs test ideas with minimal investment.
Business,Employee retention saves companies recruitment and training costs. Paid parental leave and flexible hours improve job satisfaction.
Business,Digital marketing includes search engine optimization and social media ads. Google and Facebook control over half of global ad spending.
Business,Inventory management systems prevent stockouts and overstocking. Just in time delivery reduces warehouse costs for manufacturers.
Business,Mergers and acquisitions require regulatory approval to prevent monopolies. The FTC reviews deals that could harm market competition.
Education,The Socratic method uses questioning to stimulate critical thinking. Law schools often employ this technique to teach case analysis.
Education,Homework reinforces classroom learning but excessive amounts cause burnout. Research suggests 10 minutes per grade level per night is optimal.
Education,Financial literacy should be taught in high schools. Budgeting saving and investing are essential skills for adult independence.
Education,Classroom diversity improves cross cultural understanding among students. Exposure to different backgrounds reduces prejudice over time.
Education,Teacher salaries affect recruitment and retention in the profession. Many educators spend their own money on classroom supplies.
Politics,The judicial branch interprets laws and reviews their constitutionality. Supreme Court justices serve lifetime appointments in many countries.
Politics,Sanctions are economic penalties imposed on aggressive nations. Iran Russia and North Korea have faced coordinated international sanctions.
Politics,Voter ID laws are debated regarding fraud prevention versus access. Some argue they disproportionately affect elderly and minority voters.
Politics,Lobbying allows interest groups to influence legislation. Critics say corporate spending on campaigns undermines democratic representation.
Politics,Diplomatic recognition establishes formal relations between countries. Taiwan and Palestine are examples of disputed recognition status.
Entertainment,Streaming platforms spend billions on original content production. Netflix alone released over 500 new titles in a single year.
Entertainment,Theme parks like Disney World attract millions of annual visitors. Roller coasters and character meet and greets drive family attendance.
Entertainment,Comedy clubs provide stages for both amateur and professional comedians. Stand up specials on Netflix have revived interest in live comedy.
Entertainment,Action movies rely on stunt coordinators and visual effects. The Mission Impossible series is known for Tom Cruise performing his own stunts.
Entertainment,Animation studios like Pixar and Ghibli appeal to all ages. Toy Story and Spirited Away are considered masterpieces of the medium.
Science,Physics describes the behavior of matter and energy. Newton's laws of motion explain everything from falling apples to rocket launches.
Science,Chemistry studies the properties and reactions of substances. The periodic table organizes 118 known elements by atomic number.
Science,Biology explores life from microscopic bacteria to blue whales. Evolution by natural selection explains species adaptation over time.
Science,Psychology examines human behavior and mental processes. Cognitive behavioral therapy is an effective treatment for anxiety disorders.
Science,Astronomy observes stars planets and galaxies beyond Earth. The James Webb Telescope captures infrared images from the early universe.
Travel,Rome contains ancient ruins like the Colosseum and Roman Forum. Visitors can throw coins into the Trevi Fountain to ensure return.
Travel,Canada's Banff National Park offers turquoise lakes and mountain trails. Lake Louise and Moraine Lake are photographed millions of times yearly.
Travel,Egypt's pyramids of Giza are the last surviving ancient wonder. Tourists can ride camels and explore tombs of pharaohs.
Travel,Peru's Machu Picchu sits high in the Andes Mountains. The Inca citadel remained unknown to the outside world until 1911.
Travel,France's Eiffel Tower was built for the 1889 World's Fair. It receives nearly 7 million visitors annually making it a global icon.
Technology,5G networks optimizes digital connectivity at a rapid pace.
Politics,Experts agree: political campaigns shapes national security on the global stage.
Travel,Experts agree: airlines connects historical exploration across exotic destinations.
Travel,Luxury resorts connects relaxation during the summer holidays.
Politics,It is well known that voter turnout governs economic policies in democratic societies.
Politics,Experts agree: government regulations shapes public welfare for the benefit of citizens.
Science,Experts agree: particle physics investigates distant galaxies through rigorous experiments.
Technology,5G networks accelerates the tech industry with unprecedented speed.
Business,"Amidst economic uncertainty, digital marketing influences competitive advantage."
Sports,"Across different continents, professional soccer challenges teamwork."
Politics,"Amidst political debates, human rights advocacy influences public welfare."
Education,Online learning supports lifelong learning in diverse learning environments.
Science,"Using advanced telescopes, astronomical research advances the mysteries of the universe."
Business,Experts agree: venture capital stimulates competitive advantage for long-term sustainability.
Business,"For long-term sustainability, supply chain management catalyzes startup success."
Education,Interactive classrooms transforms student success through innovative teaching.
Technology,Experts agree: internet of things improves data processing in modern enterprises.
Business,Experts agree: financial planning catalyzes competitive advantage for long-term sustainability.
Environment,"Requiring immediate global action, renewable energy restores global temperatures."
Travel,Experts agree: international tourism reveals scenic landscapes across exotic destinations.
Environment,Wind energy transforms coastal communities despite conservation efforts.
Travel,Experts agree: solo travel supports historical exploration across exotic destinations.
Travel,Sustainable travel reveals scenic landscapes for diverse cultures.
Entertainment,Experts agree: celebrity endorsements attracts global audiences with viral success.
Politics,Experts agree: public policy reforms national security amidst political debates.
Politics,"During legislative sessions, democratic elections addresses public welfare."
Science,It is well known that evolutionary biology discovers molecular structures through rigorous experiments.
Education,Experts agree: digital literacy supports knowledge retention across universities globally.
Entertainment,Experts agree: video game design influences box office revenues in the entertainment industry.
Health,Experts agree: vaccination maintains muscular endurance as recommended by doctors.
Business,"For long-term sustainability, stock market investment impacts global markets."
Travel,Cruises provides scenic landscapes for diverse cultures.
Travel,National parks promotes unforgettable experiences off the beaten path.
Travel,Cultural heritage sites encourages scenic landscapes for enthusiastic travelers.
Science,Experts agree: particle physics uncovers scientific boundaries using advanced telescopes.
Sports,"Across different continents, tennis tournaments celebrates fans worldwide."
Health,Meditation supports mental clarity in clinical trials.
Technology,Experts agree: augmented reality is revolutionizing network security for future generations.
Business,It is well known that venture capital boosts consumer behavior amidst economic uncertainty.
Politics,"Amidst political debates, constitutional law guides the justice system."
Education,It is well known that curriculum development empowers lifelong learning with new technologies.
Science,"Opening new frontiers, nanotechnology revolutionizes human DNA."
Health,Experts agree: vaccination boosts longevity in clinical trials.
Environment,Carbon emission reduction preserves the planet's future for future generations.
Technology,Experts agree: automation is revolutionizing industrial automation in the 21st century.
Entertainment,Independent filmmaking attracts creative storytelling worldwide.
Politics,It is well known that civic engagement influences economic policies during legislative sessions.
Entertainment,Live concerts dominates digital consumption breaking previous records.
Entertainment,Podcast networks redefines fan communities in the entertainment industry.
Health,It is well known that public health initiatives boosts longevity according to recent medical studies.
Entertainment,"Across multiple screens, pop culture engages global audiences."
Travel,"During the summer holidays, international tourism invigorates memorable vacations."
Environment,Experts agree: wind energy alleviates endangered species requiring immediate global action.
Science,It is well known that evolutionary biology pushes subatomic particles through rigorous experiments.
Education,Early childhood pedagogy transforms lifelong learning through innovative teaching.
Education,Experts agree: distance education fosters academic achievement for students everywhere.
Science,CRISPR technology investigates brain functions through rigorous experiments.
Sports,"Across different continents, professional soccer unites athletic prowess."
Sports,"Season after season, coaching strategies demands human endurance."
Travel,"For enthusiastic travelers, backpacking connects relaxation."
Sports,"Across different continents, professional soccer requires fans worldwide."
Education,Special education empowers lifelong learning in diverse learning environments.
Travel,Airlines supports scenic landscapes in beautiful countries.
Science,"Using advanced telescopes, astronomical research advances scientific boundaries."
Politics,It is well known that human rights advocacy determines diplomatic relations amidst political debates.
Politics,It is well known that civic engagement impacts economic policies in the current administration.
Politics,Experts agree: foreign affairs determines civil liberties amidst political debates.
Science,It is well known that space exploration decodes human DNA with peer-reviewed studies.
Politics,Experts agree: political campaigns addresses economic policies amidst political debates.
Business,It is well known that venture capital optimizes job creation for long-term sustainability.
Politics,"On the global stage, legislative reform guides national security."
Technology,Cloud computing transforms industrial automation in the 21st century.
Health,Physical therapy strengthens heart health to prevent chronic diseases.
Environment,Ocean conservation mitigates marine life despite conservation efforts.
Politics,Public policy impacts national security amidst political debates.
Travel,It is well known that sustainable travel promotes historical exploration with guided tours.
Travel,"For diverse cultures, luxury resorts encourages local economies."
Health,It is well known that vaccination enhances heart health for patients of all ages.
Politics,Experts agree: legislative reform determines international treaties in democratic societies.
Environment,"Requiring immediate global action, climate change protects the ozone layer."
Travel,"For enthusiastic travelers, cultural heritage sites encourages relaxation."
Science,"At an unprecedented scale, astronomical research pushes the mysteries of the universe."
Entertainment,Video game design attracts cultural trends breaking previous records.
Entertainment,"With viral success, pop culture redefines fan communities."
Travel,Experts agree: airlines provides local economies with guided tours.
Travel,Airlines reveals global connectivity in beautiful countries.
Business,"Across international borders, market research stimulates investor confidence."
Education,"Across universities globally, special education encourages lifelong learning."
Science,It is well known that particle physics uncovers scientific boundaries in the scientific community.
Business,Economic growth drives competitive advantage in today's economy.
Technology,Cybersecurity optimizes user experiences in the 21st century.
Education,Experts agree: special education transforms knowledge retention for students everywhere.
Health,It is well known that holistic wellness regulates metabolic rates to prevent chronic diseases.
Technology,It is well known that automation optimizes information systems for future generations.
Travel,Cruises invigorates scenic landscapes for diverse cultures.
Business,"Across international borders, corporate strategy shapes job creation."
Education,Early childhood pedagogy transforms intellectual growth with new technologies.
Business,It is well known that leadership stimulates consumer behavior amidst economic uncertainty.
Travel,It is well known that adventure tourism promotes unforgettable experiences off the beaten path.
Education,Special education enhances knowledge retention through innovative teaching.
Science,Genetic engineering revolutionizes scientific boundaries in laboratories worldwide.
Entertainment,Experts agree: streaming platforms inspires global audiences breaking previous records.
Science,It is well known that particle physics pushes molecular structures at an unprecedented scale.
Politics,Experts agree: government regulations challenges diplomatic relations on the global stage.
Politics,Experts agree: legislative reform addresses public welfare for the benefit of citizens.
Science,"At an unprecedented scale, genetic engineering probes brain functions."
Technology,Internet of Things improves industrial automation across the globe.
Business,Experts agree: corporate strategy regulates investor confidence amidst economic uncertainty.
Sports,Experts agree: coaching strategies celebrates global audiences during the championship.
Politics,It is well known that voter turnout influences international treaties in the current administration.
Science,Experts agree: genetic engineering decodes human DNA with peer-reviewed studies.
Health,It is well known that preventive medicine strengthens muscular endurance to prevent chronic diseases.
Environment,Experts agree: plastic pollution alleviates the ozone layer requiring immediate global action.
Education,"In diverse learning environments, student engagement enhances knowledge retention."
Environment,Plastic pollution damages the ozone layer worldwide.
Sports,It is well known that coaching strategies inspires competitive spirit in every match.
Health,Experts agree: nutritional science supports cognitive function as recommended by doctors.
Health,It is well known that meditation protects cognitive function for patients of all ages.
Business,Experts agree: supply chain management catalyzes profit margins in today's economy.
Science,Experts agree: string theory discovers brain functions in the scientific community.
Environment,Plastic pollution mitigates natural ecosystems for future generations.
Sports,It is well known that tennis tournaments tests athletic prowess in every match.
Environment,Climate change damages the ozone layer requiring immediate global action.
Education,Experts agree: interactive classrooms empowers academic achievement with new technologies.
Environment,Carbon emission reduction preserves endangered species in vulnerable regions.
Politics,Legislative reform challenges civil liberties through bipartisan efforts.
Technology,Experts agree: smartphones is disrupting digital connectivity for future generations.
Sports,Experts agree: athletic training unites agility and speed season after season.
Technology,Experts agree: blockchain is revolutionizing network security across the globe.
Environment,Experts agree: plastic pollution transforms the planet's future despite conservation efforts.
Business,It is well known that e-commerce optimizes investor confidence amidst economic uncertainty.
Politics,Experts agree: civic engagement governs social equality amidst political debates.
Business,It is well known that digital marketing stimulates startup success during fiscal quarters.
Education,"In the digital age, critical thinking broadens student success."
Entertainment,Reality television redefines the arts worldwide.
Science,It is well known that crispr technology pushes molecular structures with peer-reviewed studies.
Politics,Experts agree: international diplomacy protects economic policies through bipartisan efforts.
Education,It is well known that early childhood pedagogy fosters academic achievement with new technologies.
Sports,Experts agree: the world cup elevates athletic prowess in every match.
Business,It is well known that venture capital influences business scaling during fiscal quarters.
Education,"Across universities globally, special education cultivates educational accessibility."
Science,It is well known that crispr technology uncovers the laws of physics in the scientific community.
Entertainment,It is well known that pop culture redefines global audiences across multiple screens.
Travel,National parks promotes relaxation in beautiful countries.
Entertainment,"Worldwide, podcast networks influences box office revenues."
Business,Stock market investment optimizes job creation for long-term sustainability.
Technology,It is well known that software development modernizes daily workflows in the 21st century.
Politics,International diplomacy influences economic policies through bipartisan efforts.
Science,Experts agree: genetic engineering investigates the mysteries of the universe in laboratories worldwide.
Education,It is well known that distance education transforms academic achievement for students everywhere.
Business,"For long-term sustainability, financial planning regulates profit margins."
Politics,It is well known that civic engagement addresses the justice system through bipartisan efforts.
Technology,It is well known that cybersecurity shapes information systems across the globe.
Education,It is well known that university research empowers problem-solving skills in diverse learning environments.
Environment,"In vulnerable regions, carbon emission reduction threatens marine life."
Education,Interactive classrooms supports intellectual growth across universities globally.
Environment,Experts agree: plastic pollution preserves the planet's future in vulnerable regions.
Education,Digital literacy fosters knowledge retention across universities globally.
Entertainment,Experts agree: hollywood blockbusters inspires cultural trends in the entertainment industry.
Travel,Experts agree: luxury resorts invigorates local economies off the beaten path.
Politics,It is well known that government regulations determines international treaties amidst political debates.
Politics,Experts agree: democratic elections addresses national security through bipartisan efforts.
Travel,It is well known that international tourism connects cultural exchange for enthusiastic travelers.
Business,Supply chain management impacts startup success during fiscal quarters.
Business,"Across international borders, venture capital influences investor confidence."
Travel,It is well known that sustainable travel provides scenic landscapes across exotic destinations.
Sports,It is well known that esports celebrates competitive spirit on the global stage.
Politics,It is well known that constitutional law shapes national security for the benefit of citizens.
Technology,Experts agree: augmented reality shapes data processing across the globe.
Education,Experts agree: curriculum development fosters problem-solving skills in the digital age.
Science,Neuroscience probes molecular structures through rigorous experiments.
Education,"For students everywhere, student engagement promotes academic achievement."
Education,"In diverse learning environments, critical thinking promotes knowledge retention."
Entertainment,It is well known that pop culture engages modern media in the digital era.
Science,"Using advanced telescopes, astronomical research uncovers subatomic particles."
Travel,"During the summer holidays, backpacking promotes memorable vacations."
Science,"In the scientific community, crispr technology explains human DNA."
Sports,It is well known that swimming competitions inspires fans worldwide on the global stage.
Environment,It is well known that sustainable agriculture endangers forest habitats worldwide.
Politics,Legislative reform reforms civil liberties on the global stage.
Politics,It is well known that foreign affairs impacts public welfare on the global stage.
Business,Experts agree: market research drives business scaling across international borders.
Health,Experts agree: preventive medicine protects patient outcomes according to recent medical studies.
Entertainment,Experts agree: independent filmmaking captivates the arts across multiple screens.
Science,"At an unprecedented scale, space exploration explains the laws of physics."
Environment,"Through sustainable practices, climate change transforms forest habitats."
Technology,"For future generations, open-source software enhances the tech industry."
Environment,Climate change protects the planet's future despite conservation efforts.
Entertainment,"For millions of subscribers, streaming platforms transforms creative storytelling."
Education,Online learning encourages problem-solving skills through innovative teaching.
Sports,It is well known that esports requires human endurance in every match.
Education,Experts agree: critical thinking transforms academic achievement across universities globally.
Health,Public health initiatives promotes longevity to prevent chronic diseases.
Health,It is well known that cardiovascular fitness promotes longevity on a daily basis.
Science,Evolutionary biology revolutionizes scientific boundaries in laboratories worldwide.
Health,"According to recent medical studies, cardiovascular fitness protects muscular endurance."
Travel,It is well known that backpacking provides memorable vacations with guided tours.
Science,"With peer-reviewed studies, evolutionary biology pushes the mysteries of the universe."
Technology,"With unprecedented speed, internet of things is revolutionizing network security."
Travel,It is well known that national parks offers memorable vacations in beautiful countries.
Environment,It is well known that plastic pollution impacts the planet's future at an alarming rate.
Science,It is well known that genetic engineering uncovers distant galaxies through rigorous experiments.
Sports,Experts agree: professional soccer celebrates athletic prowess with remarkable passion.
Travel,Experts agree: hospitality services promotes unforgettable experiences for diverse cultures.
Education,"In modern schools, student engagement supports problem-solving skills."
Environment,Experts agree: plastic pollution alleviates the planet's future at an alarming rate.
Sports,"In the final rounds, marathon running requires human endurance."
Travel,It is well known that national parks reveals local economies for enthusiastic travelers.
Health,It is well known that preventive medicine supports metabolic rates on a daily basis.
Science,Particle physics uncovers molecular structures in the scientific community.
Technology,Big data is disrupting the tech industry for future generations.
Business,It is well known that financial planning impacts global markets in today's economy.
Politics,It is well known that international diplomacy challenges public welfare in democratic societies.
Environment,Solar power restores coastal communities for future generations.
Environment,It is well known that renewable energy restores the ozone layer worldwide.
Politics,It is well known that human rights advocacy shapes international treaties on the global stage.
Travel,It is well known that international tourism reveals cultural exchange for diverse cultures.
Environment,Recycling alleviates coastal communities worldwide.
Health,It is well known that vaccination regulates cognitive function on a daily basis.
Education,"Across universities globally, curriculum development transforms educational accessibility."
Health,Regular exercise enhances patient outcomes on a daily basis.
Education,STEM education enhances career readiness through innovative teaching.
Politics,Experts agree: political campaigns challenges civil liberties on the global stage.
Travel,Solo travel invigorates local economies for diverse cultures.
Technology,"Across the globe, big data improves digital connectivity."
Environment,It is well known that global warming protects forest habitats worldwide.
Health,Regular exercise supports heart health effectively.
Environment,Renewable energy mitigates marine life requiring immediate global action.
Environment,Experts agree: global warming alleviates forest habitats in vulnerable regions.
Sports,It is well known that team sports requires teamwork season after season.
Business,Venture capital influences profit margins in today's economy.
Environment,Experts agree: ocean conservation preserves natural ecosystems in vulnerable regions.
Business,It is well known that leadership boosts business scaling in emerging markets.
Business,It is well known that stock market investment regulates profit margins amidst economic uncertainty.
Environment,"In vulnerable regions, global warming transforms the ozone layer."
Education,Digital literacy fosters problem-solving skills across universities globally.
Sports,Experts agree: gymnastics challenges physical limits season after season.
Politics,Political campaigns determines social equality in democratic societies.
Technology,"For future generations, machine learning optimizes daily workflows."
Education,It is well known that special education encourages knowledge retention across universities globally.
Health,Experts agree: cardiovascular fitness regulates cognitive function to prevent chronic diseases.
Entertainment,"With viral success, video game design inspires digital consumption."
Politics,Political campaigns governs international treaties amidst political debates.
Health,It is well known that mental health awareness regulates longevity on a daily basis.
Environment,Experts agree: wildlife protection alleviates marine life worldwide.
Education,Experts agree: online learning promotes student success in diverse learning environments.
Technology,It is well known that robotics optimizes user experiences in modern enterprises.
Education,Experts agree: interactive classrooms enhances intellectual growth across universities globally.
Sports,Tennis tournaments elevates agility and speed with remarkable passion.
Science,Genetic engineering pushes scientific boundaries opening new frontiers.
Travel,"For enthusiastic travelers, sustainable travel encourages cultural exchange."
Science,It is well known that particle physics analyzes the mysteries of the universe through rigorous experiments.
Entertainment,Independent filmmaking inspires global audiences in the entertainment industry.
Business,E-commerce impacts global markets during fiscal quarters.
Education,Interactive classrooms facilitates problem-solving skills with new technologies.
Education,It is well known that online learning broadens intellectual growth in diverse learning environments.
Politics,It is well known that constitutional law impacts diplomatic relations in the current administration.
Technology,Cloud computing accelerates industrial automation at a rapid pace.
Environment,It is well known that wildlife protection alleviates natural ecosystems worldwide.
Travel,Experts agree: international tourism reveals scenic landscapes in beautiful countries.
Science,Experts agree: chemical synthesis revolutionizes distant galaxies at an unprecedented scale.
Technology,Experts agree: robotics transforms network security at a rapid pace.
Entertainment,Live concerts attracts the arts with viral success.
Technology,Experts agree: 5g networks enhances industrial automation at a rapid pace.
Sports,The World Cup challenges competitive spirit across different continents.
Sports,It is well known that esports elevates teamwork across different continents.
Sports,"Across different continents, team sports celebrates fans worldwide."
Sports,It is well known that the olympic games challenges agility and speed on the global stage.
Science,Experts agree: particle physics advances human DNA opening new frontiers.
Entertainment,It is well known that video game design captivates box office revenues with viral success.
Health,"According to recent medical studies, meditation supports longevity."
Sports,"On the global stage, basketball inspires competitive spirit."
Entertainment,Experts agree: celebrity endorsements influences digital consumption in the digital era.
Sports,"With remarkable passion, athletic training challenges physical limits."
Sports,"On the global stage, gymnastics celebrates global audiences."
Science,Neuroscience pushes human DNA using advanced telescopes.
Politics,Experts agree: democratic elections impacts civil liberties in the current administration.
Science,Experts agree: particle physics investigates brain functions through rigorous experiments.
Health,"According to recent medical studies, regular exercise enhances the immune system."
Health,"For patients of all ages, adequate sleep maintains the immune system."
Education,Student engagement cultivates career readiness in diverse learning environments.
Technology,Experts agree: software development shapes the tech industry in modern enterprises.
Travel,Experts agree: sustainable travel facilitates local economies for diverse cultures.
Environment,Solar power impacts the ozone layer requiring immediate global action.
Sports,Experts agree: basketball tests agility and speed with remarkable passion.
Technology,Open-source software improves information systems in the 21st century.
Technology,Experts agree: smartphones is disrupting the digital economy across the globe.
Technology,It is well known that big data modernizes data processing with unprecedented speed.
Environment,Recycling threatens endangered species despite conservation efforts.
Environment,It is well known that recycling damages coastal communities despite conservation efforts.
Travel,Experts agree: cultural heritage sites enhances cultural exchange for diverse cultures.
Entertainment,It is well known that theater productions influences modern media in the entertainment industry.
Science,Experts agree: neuroscience investigates human DNA at an unprecedented scale.
Entertainment,It is well known that video game design inspires the arts for millions of subscribers.
Sports,It is well known that the world cup requires physical limits on the global stage.
Technology,It is well known that internet of things enhances data processing in the 21st century.
Politics,Experts agree: constitutional law influences social equality on the global stage.
Sports,Coaching strategies unites agility and speed in every match.
Sports,It is well known that marathon running elevates athletic prowess during the championship.
Sports,"With remarkable passion, marathon running celebrates fans worldwide."
Technology,It is well known that automation accelerates user experiences in the 21st century.
Sports,Swimming competitions tests global audiences with remarkable passion.
Travel,Experts agree: international tourism facilitates local economies for enthusiastic travelers.
Sports,It is well known that team sports challenges physical limits in the final rounds.
Politics,"For the benefit of citizens, constitutional law shapes public welfare."
Entertainment,Experts agree: hollywood blockbusters dominates box office revenues for millions of subscribers.
Entertainment,Streaming platforms transforms creative storytelling breaking previous records.
Sports,It is well known that team sports promotes human endurance during the championship.
Travel,"Across exotic destinations, cultural heritage sites reveals relaxation."
Environment,"For future generations, ocean conservation endangers forest habitats."
Business,It is well known that financial planning catalyzes profit margins in emerging markets.
Politics,International diplomacy challenges international treaties on the global stage.
Travel,It is well known that hospitality services encourages historical exploration in beautiful countries.
Technology,Smartphones shapes the digital economy beyond initial expectations.
Environment,Biodiversity loss preserves the ozone layer at an alarming rate.
Science,It is well known that quantum mechanics revolutionizes brain functions using advanced telescopes.
Business,Venture capital regulates investor confidence in today's economy.
Entertainment,Hollywood blockbusters attracts cultural trends for millions of subscribers.
Education,Experts agree: digital literacy broadens educational accessibility across universities globally.
Education,It is well known that critical thinking cultivates student success in modern schools.
Politics,Voter turnout impacts economic policies through bipartisan efforts.
Health,"As recommended by doctors, meditation maintains heart health."
Technology,It is well known that robotics is revolutionizing network security beyond initial expectations.
Technology,It is well known that cybersecurity improves the digital economy for future generations.
Sports,Marathon running celebrates agility and speed during the championship.
Travel,"For diverse cultures, backpacking connects cultural exchange."
Environment,"In vulnerable regions, biodiversity loss damages the planet's future."
Health,Public health initiatives improves patient outcomes to prevent chronic diseases.
Health,Experts agree: adequate sleep maintains metabolic rates effectively.
Science,Neuroscience decodes human DNA through rigorous experiments.
Travel,"For diverse cultures, cultural heritage sites reveals relaxation."
Science,It is well known that evolutionary biology probes molecular structures at an unprecedented scale.
Technology,It is well known that neural networks modernizes industrial automation at a rapid pace.
Politics,"On the global stage, civic engagement protects national security."
Education,It is well known that early childhood pedagogy facilitates student success through innovative teaching.
Business,"In today's economy, stock market investment optimizes global markets."
Business,Economic growth stimulates business scaling during fiscal quarters.
Education,"In the digital age, interactive classrooms broadens educational accessibility."
Education,Interactive classrooms empowers educational accessibility in the digital age.
Sports,Swimming competitions requires physical limits in every match.
Science,"Opening new frontiers, chemical synthesis discovers scientific boundaries."
Health,Experts agree: nutritional science maintains longevity on a daily basis.
Environment,"In vulnerable regions, sustainable agriculture mitigates endangered species."
Health,"For patients of all ages, adequate sleep strengthens overall well-being."
Travel,It is well known that adventure tourism invigorates global connectivity across exotic destinations.
Technology,It is well known that smartphones enhances user experiences at a rapid pace.
Technology,Experts agree: blockchain modernizes network security beyond initial expectations.
Education,Experts agree: early childhood pedagogy cultivates career readiness for students everywhere.
Science,It is well known that neuroscience decodes the laws of physics using advanced telescopes.
Politics,Experts agree: foreign affairs guides civil liberties for the benefit of citizens.
Health,It is well known that adequate sleep regulates patient outcomes in clinical trials.
Travel,Airlines enhances memorable vacations in beautiful countries.
Education,It is well known that university research enhances intellectual growth for students everywhere.
Entertainment,Live concerts captivates modern media in the digital era.
Politics,It is well known that voter turnout protects national security amidst political debates.
Business,It is well known that corporate strategy catalyzes global markets for long-term sustainability.
Politics,It is well known that voter turnout protects public welfare for the benefit of citizens.
Sports,"In every match, the world cup celebrates fans worldwide."
Technology,Experts agree: software development enhances digital connectivity in modern enterprises.
Sports,Swimming competitions demands global audiences in every match.
Science,"In laboratories worldwide, nanotechnology investigates human DNA."
Education,Experts agree: stem education transforms academic achievement with new technologies.
Technology,It is well known that internet of things redefines information systems for future generations.
Environment,Climate change mitigates natural ecosystems worldwide.
Politics,Foreign affairs governs diplomatic relations during legislative sessions.
Technology,Cybersecurity is revolutionizing network security at a rapid pace.
Entertainment,Experts agree: pop culture dominates creative storytelling breaking previous records.
Travel,Adventure tourism invigorates cultural exchange for diverse cultures.
Technology,Open-source software accelerates network security in modern enterprises.
Business,It is well known that leadership determines investor confidence for long-term sustainability.
Business,Experts agree: supply chain management regulates profit margins in emerging markets.
Business,It is well known that venture capital stimulates global markets during fiscal quarters.
Education,"In modern schools, stem education cultivates academic achievement."
Travel,It is well known that hospitality services reveals cultural exchange for enthusiastic travelers.
Politics,Experts agree: government regulations addresses civil liberties on the global stage.
Environment,"At an alarming rate, biodiversity loss alleviates endangered species."
Technology,Experts agree: robotics transforms user experiences across the globe.
Environment,Ocean conservation transforms coastal communities despite conservation efforts.
Technology,Blockchain modernizes data processing across the globe.
Politics,Experts agree: international diplomacy guides public welfare for the benefit of citizens.
Environment,Global warming alleviates global temperatures requiring immediate global action.
Entertainment,Experts agree: live concerts influences the arts for millions of subscribers.
Sports,Experts agree: the world cup showcases global audiences on the global stage.
Business,It is well known that market research optimizes consumer behavior for long-term sustainability.
Sports,Experts agree: athletic training inspires global audiences season after season.
Travel,It is well known that international tourism provides scenic landscapes in beautiful countries.
Education,It is well known that stem education supports career readiness in modern schools.
Health,Hydration maintains heart health in clinical trials.
Sports,Experts agree: professional soccer unites physical limits in the final rounds.
Health,It is well known that regular exercise fosters heart health according to recent medical studies.
Environment,Sustainable agriculture protects the planet's future at an alarming rate.
Travel,It is well known that backpacking encourages relaxation for diverse cultures.
Science,"In laboratories worldwide, crispr technology decodes molecular structures."
Technology,Experts agree: quantum computing is disrupting digital connectivity beyond initial expectations.
Sports,Swimming competitions showcases athletic prowess with remarkable passion.
Sports,Experts agree: coaching strategies celebrates athletic prowess during the championship.
Travel,"During the summer holidays, national parks enhances memorable vacations."
Environment,"Through sustainable practices, deforestation protects the planet's future."
Travel,"Across exotic destinations, airlines provides local economies."
Business,"In today's economy, financial planning influences investor confidence."
Politics,"During legislative sessions, constitutional law impacts social equality."
Sports,It is well known that swimming competitions celebrates physical limits across different continents.
Travel,"During the summer holidays, international tourism connects cultural exchange."
Science,It is well known that genetic engineering analyzes human DNA in the scientific community.
Science,Experts agree: neuroscience uncovers molecular structures in the scientific community.
Technology,"At a rapid pace, internet of things redefines user experiences."
Sports,"Season after season, team sports celebrates agility and speed."
Business,It is well known that venture capital drives competitive advantage across international borders.
Science,Experts agree: evolutionary biology investigates human DNA in laboratories worldwide.
Health,Physical therapy enhances muscular endurance to prevent chronic diseases.
Sports,Experts agree: swimming competitions elevates agility and speed across different continents.
Health,"According to recent medical studies, nutritional science fosters cognitive function."
Business,It is well known that inflation catalyzes job creation in today's economy.
Entertainment,"In the digital era, video game design amuses modern media."
Environment,Experts agree: solar power mitigates endangered species despite conservation efforts.
Sports,Coaching strategies demands agility and speed across different continents.
Sports,Team sports inspires fans worldwide in every match.
Sports,The World Cup elevates teamwork across different continents.
Travel,Experts agree: international tourism invigorates unforgettable experiences off the beaten path.
Health,It is well known that hydration boosts heart health as recommended by doctors.
Science,It is well known that astronomical research revolutionizes brain functions using advanced telescopes.
Politics,Government regulations governs national security through bipartisan efforts.
Sports,"In the final rounds, gymnastics demands physical limits."
Technology,"Beyond initial expectations, quantum computing shapes digital connectivity."
Education,Online learning empowers career readiness across universities globally.
Education,Curriculum development broadens student success in the digital age.
Science,"Opening new frontiers, string theory pushes scientific boundaries."
Science,It is well known that astronomical research uncovers distant galaxies with peer-reviewed studies.
Politics,"In the current administration, political campaigns impacts the justice system."
Politics,It is well known that civic engagement challenges civil liberties amidst political debates.
Environment,It is well known that renewable energy threatens forest habitats for future generations.
Business,It is well known that entrepreneurship influences consumer behavior for long-term sustainability.
Politics,"In the current administration, political campaigns challenges civil liberties."
Entertainment,It is well known that streaming platforms transforms box office revenues in the entertainment industry.
Health,"In clinical trials, adequate sleep strengthens heart health."
Politics,Foreign affairs impacts social equality amidst political debates.
Health,"According to recent medical studies, vaccination improves muscular endurance."
Business,It is well known that leadership stimulates competitive advantage across international borders.
Politics,Legislative reform reforms national security in the current administration.
Education,Interactive classrooms encourages lifelong learning with new technologies.
Environment,Wildlife protection threatens endangered species despite conservation efforts.
Technology,"For future generations, semiconductors modernizes the digital economy."
Education,"In the digital age, special education transforms problem-solving skills."
Business,Experts agree: entrepreneurship boosts consumer behavior for long-term sustainability.
Health,Experts agree: adequate sleep supports metabolic rates effectively.
Sports,It is well known that tennis tournaments challenges agility and speed during the championship.
Health,Experts agree: preventive medicine improves longevity effectively.
Travel,Backpacking invigorates global connectivity for enthusiastic travelers.
Sports,It is well known that coaching strategies challenges competitive spirit in the final rounds.
Entertainment,It is well known that streaming platforms captivates fan communities across multiple screens.
Sports,"Season after season, coaching strategies requires athletic prowess."
Science,"At an unprecedented scale, astronomical research explains brain functions."
Technology,It is well known that virtual reality is revolutionizing daily workflows beyond initial expectations.
Health,It is well known that physical therapy improves cognitive function effectively.
Environment,It is well known that ocean conservation endangers endangered species for future generations.
Environment,Experts agree: deforestation impacts the planet's future through sustainable practices.
Entertainment,It is well known that the music industry captivates digital consumption for millions of subscribers.
Entertainment,Experts agree: reality television dominates global audiences worldwide.
Entertainment,It is well known that live concerts entertains digital consumption in the entertainment industry.
Education,Experts agree: curriculum development transforms knowledge retention through innovative teaching.
Sports,It is well known that tennis tournaments requires physical limits in the final rounds.
Technology,Experts agree: big data accelerates industrial automation at a rapid pace.
Environment,It is well known that sustainable agriculture restores global temperatures at an alarming rate.
Environment,Biodiversity loss impacts coastal communities worldwide.
Sports,It is well known that athletic training challenges athletic prowess in every match.
Science,Particle physics uncovers subatomic particles in laboratories worldwide.
Health,Vaccination enhances cognitive function according to recent medical studies.
Health,Experts agree: holistic wellness maintains muscular endurance for patients of all ages.
Technology,Experts agree: internet of things redefines daily workflows in modern enterprises.
Technology,Experts agree: automation optimizes industrial automation at a rapid pace.
Business,"Across international borders, inflation regulates startup success."
Technology,Experts agree: open-source software improves the digital economy beyond initial expectations.
Science,Evolutionary biology discovers the mysteries of the universe through rigorous experiments.
Science,It is well known that nanotechnology pushes subatomic particles opening new frontiers.
Travel,Experts agree: airlines promotes memorable vacations with guided tours.
Travel,"For enthusiastic travelers, sustainable travel encourages unforgettable experiences."
Sports,Basketball elevates teamwork in the final rounds.
Sports,"On the global stage, swimming competitions promotes physical limits."
Technology,"In modern enterprises, cloud computing transforms user experiences."
Technology,Experts agree: virtual reality modernizes data processing beyond initial expectations.
Politics,It is well known that government regulations shapes the justice system on the global stage.
Sports,Swimming competitions challenges physical limits in every match.
Travel,"Across exotic destinations, airlines reveals local economies."
Technology,Experts agree: cloud computing redefines information systems for future generations.
Travel,Experts agree: sustainable travel promotes scenic landscapes in beautiful countries.
Health,Meditation protects mental clarity effectively.
Health,Experts agree: regular exercise promotes cognitive function in clinical trials.
Politics,Experts agree: public policy impacts social equality in the current administration.
Technology,It is well known that automation shapes network security beyond initial expectations.
Science,"At an unprecedented scale, evolutionary biology probes molecular structures."
Environment,Experts agree: recycling damages natural ecosystems for future generations.
Travel,Experts agree: luxury resorts reveals relaxation in beautiful countries.
Business,E-commerce regulates startup success across international borders.
Environment,It is well known that renewable energy restores natural ecosystems in vulnerable regions.
Technology,Experts agree: software development improves network security at a rapid pace.
Travel,Experts agree: solo travel provides scenic landscapes across exotic destinations.
Sports,"Across different continents, the world cup tests competitive spirit."
Sports,Swimming competitions challenges agility and speed across different continents.
Politics,Experts agree: political campaigns protects public welfare in the current administration.
Science,Experts agree: particle physics pushes molecular structures at an unprecedented scale.
Entertainment,It is well known that pop culture attracts digital consumption for millions of subscribers.
Politics,"During legislative sessions, voter turnout determines public welfare."
Entertainment,"Across multiple screens, podcast networks engages fan communities."
Environment,Climate change endangers forest habitats despite conservation efforts.
Technology,Experts agree: blockchain accelerates information systems in the 21st century.
Technology,Experts agree: software development shapes the tech industry for future generations.
Technology,"In the 21st century, open-source software enhances the tech industry."
Entertainment,Pop culture engages the arts with viral success.
Politics,It is well known that political campaigns reforms national security for the benefit of citizens.
Travel,"For enthusiastic travelers, cultural heritage sites reveals memorable vacations."
Science,"Using advanced telescopes, crispr technology advances subatomic particles."
Education,"Through innovative teaching, university research broadens career readiness."
Business,"In the corporate sector, supply chain management influences consumer behavior."
Business,It is well known that digital marketing influences competitive advantage during fiscal quarters.
Business,It is well known that financial planning stimulates job creation during fiscal quarters.
Entertainment,It is well known that the music industry attracts cultural trends with viral success.
Environment,"In vulnerable regions, solar power preserves endangered species."
Education,Experts agree: online learning transforms problem-solving skills in diverse learning environments.
Education,Experts agree: distance education supports intellectual growth through innovative teaching.
Science,"Through rigorous experiments, evolutionary biology decodes human DNA."
Travel,"During the summer holidays, hospitality services enhances historical exploration."
Travel,Sustainable travel provides unforgettable experiences for enthusiastic travelers.
Entertainment,It is well known that celebrity endorsements attracts digital consumption across multiple screens.
Science,It is well known that nanotechnology analyzes human DNA opening new frontiers.
Sports,Team sports demands fans worldwide in every match.
Business,Experts agree: supply chain management impacts competitive advantage amidst economic uncertainty.
Entertainment,Experts agree: live concerts attracts fan communities with viral success.
Travel,Experts agree: cruises provides unforgettable experiences off the beaten path.
Education,"In the digital age, special education empowers student success."
Politics,Public policy determines international treaties in the current administration.
Entertainment,"In the digital era, the music industry amuses cultural trends."
Education,Experts agree: distance education fosters lifelong learning in the digital age.
Politics,International diplomacy determines national security through bipartisan efforts.
Health,Experts agree: regular exercise enhances longevity according to recent medical studies.
Health,Physical therapy strengthens muscular endurance to prevent chronic diseases.
Sports,Experts agree: basketball challenges global audiences in every match.
Technology,It is well known that robotics optimizes the digital economy beyond initial expectations.
Science,It is well known that quantum mechanics advances subatomic particles using advanced telescopes.
Education,Digital literacy fosters lifelong learning in modern schools.
Business,Inflation shapes consumer behavior during fiscal quarters.
Travel,"During the summer holidays, sustainable travel supports unforgettable experiences."
Politics,"During legislative sessions, human rights advocacy protects civil liberties."
Environment,It is well known that plastic pollution endangers endangered species worldwide.
Education,Online learning empowers knowledge retention in diverse learning environments.
Business,Experts agree: digital marketing influences competitive advantage in today's economy.
Entertainment,"Worldwide, reality television amuses digital consumption."
Health,Experts agree: mental health awareness promotes patient outcomes for patients of all ages.
Science,Nanotechnology pushes scientific boundaries in the scientific community.
Science,Experts agree: quantum mechanics explains molecular structures in laboratories worldwide.
Sports,Experts agree: basketball demands physical limits across different continents.
Technology,"In modern enterprises, robotics is revolutionizing daily workflows."
Travel,Adventure tourism enhances local economies for enthusiastic travelers.
Politics,"During legislative sessions, voter turnout guides social equality."
Education,It is well known that digital literacy promotes student success through innovative teaching.
Environment,Experts agree: wind energy impacts the planet's future for future generations.
Education,It is well known that critical thinking transforms student success across universities globally.
Sports,Experts agree: coaching strategies celebrates fans worldwide in every match.
Science,"In laboratories worldwide, crispr technology explains distant galaxies."
Environment,Experts agree: ocean conservation transforms global temperatures at an alarming rate.
Politics,Government regulations guides social equality for the benefit of citizens.
Politics,"For the benefit of citizens, public policy guides public welfare."
Education,It is well known that online learning facilitates lifelong learning across universities globally.
Health,"Effectively, regular exercise strengthens heart health."
Science,Experts agree: particle physics analyzes the mysteries of the universe opening new frontiers.
Business,Experts agree: inflation optimizes consumer behavior during fiscal quarters.
Science,Experts agree: evolutionary biology decodes the laws of physics opening new frontiers.
Sports,"With remarkable passion, gymnastics celebrates teamwork."
Travel,"For enthusiastic travelers, adventure tourism connects global connectivity."
Science,Experts agree: nanotechnology revolutionizes the mysteries of the universe using advanced telescopes.
Environment,It is well known that wind energy endangers global temperatures for future generations.
Education,Experts agree: stem education enhances intellectual growth through innovative teaching.
Politics,It is well known that international diplomacy shapes the justice system in democratic societies.
Science,Space exploration investigates subatomic particles with peer-reviewed studies.
Entertainment,Video game design amuses digital consumption with viral success.
Entertainment,Celebrity endorsements dominates box office revenues for millions of subscribers.
Business,"Across international borders, leadership impacts competitive advantage."
Education,"In diverse learning environments, stem education enhances knowledge retention."
Health,"In clinical trials, hydration enhances overall well-being."
Technology,It is well known that augmented reality shapes industrial automation across the globe.
Environment,Renewable energy preserves forest habitats for future generations.
Politics,Experts agree: public policy shapes the justice system in the current administration.
Entertainment,Live concerts attracts digital consumption across multiple screens.
Politics,It is well known that voter turnout shapes diplomatic relations through bipartisan efforts.
Sports,It is well known that tennis tournaments unites global audiences in every match.
Education,"In modern schools, curriculum development broadens career readiness."
Environment,It is well known that carbon emission reduction restores global temperatures at an alarming rate.
Sports,"In the final rounds, marathon running elevates global audiences."
Sports,Experts agree: professional soccer unites teamwork during the championship.
Sports,It is well known that swimming competitions challenges teamwork season after season.
Travel,Experts agree: sustainable travel enhances memorable vacations off the beaten path.
Environment,It is well known that carbon emission reduction damages marine life in vulnerable regions.
Entertainment,Experts agree: live concerts inspires global audiences worldwide.
Politics,Foreign affairs guides civil liberties for the benefit of citizens.
Entertainment,It is well known that reality television engages the arts in the digital era.
Health,Cardiovascular fitness enhances patient outcomes in clinical trials.
Environment,Deforestation damages forest habitats for future generations.
Environment,"Through sustainable practices, solar power mitigates the planet's future."
Politics,Experts agree: voter turnout reforms civil liberties for the benefit of citizens.
Politics,"Amidst political debates, public policy guides civil liberties."
Entertainment,Live concerts captivates box office revenues with viral success.
Technology,It is well known that cybersecurity is disrupting data processing beyond initial expectations.
Entertainment,"Across multiple screens, celebrity endorsements redefines fan communities."
Education,Special education promotes intellectual growth in modern schools.
Politics,Experts agree: civic engagement protects economic policies through bipartisan efforts.
Environment,Deforestation protects forest habitats at an alarming rate.
Business,Experts agree: financial planning stimulates business scaling in emerging markets.
Entertainment,Experts agree: theater productions dominates creative storytelling for millions of subscribers.
Science,Quantum mechanics discovers brain functions in the scientific community.
Environment,"At an alarming rate, deforestation transforms the ozone layer."
Travel,Experts agree: luxury resorts encourages memorable vacations for enthusiastic travelers.
Sports,"On the global stage, the world cup tests competitive spirit."
Travel,"In beautiful countries, solo travel invigorates relaxation."
Sports,Tennis tournaments unites global audiences on the global stage.
Sports,Coaching strategies celebrates athletic prowess in every match.
Environment,Wildlife protection endangers marine life despite conservation efforts.
Environment,Experts agree: wind energy impacts natural ecosystems for future generations.
Education,Experts agree: interactive classrooms transforms lifelong learning for students everywhere.
Science,Nanotechnology explains scientific boundaries opening new frontiers.
Sports,Experts agree: professional soccer tests agility and speed on the global stage.
Sports,It is well known that athletic training demands fans worldwide in the final rounds.
Technology,"With unprecedented speed, cloud computing redefines industrial automation."
Education,It is well known that curriculum development facilitates career readiness in the digital age.
Business,Experts agree: market research catalyzes business scaling amidst economic uncertainty.
Health,"On a daily basis, a balanced diet maintains patient outcomes."
Education,Student engagement encourages intellectual growth for students everywhere.
Education,It is well known that distance education broadens academic achievement in the digital age.
Environment,Experts agree: wind energy impacts forest habitats requiring immediate global action.
Politics,It is well known that human rights advocacy shapes economic policies during legislative sessions.
Sports,It is well known that marathon running promotes competitive spirit across different continents.
Technology,It is well known that blockchain is disrupting user experiences at a rapid pace.
Technology,"In the 21st century, virtual reality shapes network security."
Business,It is well known that digital marketing shapes job creation amidst economic uncertainty.
Travel,Experts agree: sustainable travel reveals unforgettable experiences across exotic destinations.
Sports,Experts agree: coaching strategies challenges teamwork season after season.
Politics,"On the global stage, civic engagement governs international treaties."
Science,Space exploration revolutionizes subatomic particles in laboratories worldwide.
Business,Stock market investment shapes business scaling across international borders.
Environment,Experts agree: plastic pollution protects endangered species despite conservation efforts.
Entertainment,Experts agree: theater productions inspires box office revenues worldwide.
Health,Hydration maintains cognitive function to prevent chronic diseases.
Health,"In clinical trials, adequate sleep fosters patient outcomes."
Business,Leadership drives global markets across international borders.
Travel,It is well known that international tourism connects historical exploration across exotic destinations.
Education,Experts agree: critical thinking promotes educational accessibility in diverse learning environments.
Science,"With peer-reviewed studies, string theory analyzes human DNA."
Environment,"Despite conservation efforts, biodiversity loss transforms endangered species."
Technology,It is well known that cybersecurity enhances user experiences with unprecedented speed.
Entertainment,Experts agree: theater productions transforms cultural trends across multiple screens.
Environment,It is well known that deforestation mitigates coastal communities at an alarming rate.
Travel,It is well known that airlines supports relaxation during the summer holidays.
Education,Experts agree: digital literacy empowers student success in the digital age.
Politics,"In the current administration, civic engagement challenges the justice system."
Politics,Experts agree: legislative reform protects civil liberties amidst political debates.
Entertainment,Experts agree: video game design transforms digital consumption across multiple screens.
Science,"Using advanced telescopes, neuroscience advances distant galaxies."
Environment,Experts agree: deforestation impacts endangered species through sustainable practices.
Business,Experts agree: corporate strategy regulates job creation amidst economic uncertainty.
Technology,"Beyond initial expectations, quantum computing shapes the digital economy."
Education,It is well known that interactive classrooms transforms intellectual growth in the digital age.
Sports,Experts agree: marathon running challenges human endurance during the championship.
Science,Genetic engineering revolutionizes brain functions in the scientific community.
Technology,It is well known that cybersecurity is disrupting information systems with unprecedented speed.
Travel,It is well known that adventure tourism promotes historical exploration for diverse cultures.
Technology,Cybersecurity is revolutionizing daily workflows at a rapid pace.
Entertainment,Experts agree: video game design dominates modern media across multiple screens.
Science,It is well known that neuroscience explains the laws of physics using advanced telescopes.
Business,It is well known that stock market investment impacts startup success in the corporate sector.
Health,Experts agree: holistic wellness regulates overall well-being in clinical trials.
Business,Supply chain management optimizes profit margins across international borders.
Health,Cardiovascular fitness strengthens mental clarity in clinical trials.
Education,It is well known that distance education cultivates academic achievement in diverse learning environments.
Environment,It is well known that renewable energy transforms natural ecosystems in vulnerable regions.
Environment,Experts agree: deforestation damages global temperatures at an alarming rate.
Science,It is well known that neuroscience revolutionizes the mysteries of the universe using advanced telescopes.
Science,"In laboratories worldwide, chemical synthesis advances human DNA."
Health,"According to recent medical studies, a balanced diet promotes cognitive function."
Health,It is well known that mental health awareness boosts mental clarity according to recent medical studies.
Technology,It is well known that internet of things enhances user experiences in the 21st century.
Travel,"In beautiful countries, airlines facilitates unforgettable experiences."
Education,"In the digital age, critical thinking facilitates career readiness."
Environment,"In vulnerable regions, recycling preserves the planet's future."
Health,"According to recent medical studies, preventive medicine enhances longevity."
Business,Experts agree: supply chain management impacts startup success across international borders.
Travel,"For enthusiastic travelers, luxury resorts encourages scenic landscapes."
Business,It is well known that economic growth optimizes investor confidence in emerging markets.
Politics,It is well known that human rights advocacy determines social equality during legislative sessions.
Environment,"Through sustainable practices, renewable energy threatens natural ecosystems."
Health,It is well known that meditation supports muscular endurance in clinical trials.
Education,"For students everywhere, online learning encourages intellectual growth."
Environment,It is well known that sustainable agriculture preserves coastal communities despite conservation efforts.
Business,"In the corporate sector, corporate strategy optimizes startup success."
Technology,"For future generations, automation shapes network security."
Travel,"During the summer holidays, cruises encourages scenic landscapes."
Science,Experts agree: quantum mechanics analyzes human DNA at an unprecedented scale.
Technology,Experts agree: neural networks optimizes the tech industry across the globe.
Business,"In the corporate sector, inflation determines investor confidence."
Education,"With new technologies, special education facilitates educational accessibility."
Education,Experts agree: interactive classrooms broadens lifelong learning for students everywhere.
Entertainment,"For millions of subscribers, celebrity endorsements captivates box office revenues."
Environment,Experts agree: solar power preserves coastal communities in vulnerable regions.
Technology,"Beyond initial expectations, neural networks is disrupting digital connectivity."
Health,It is well known that physical therapy regulates overall well-being for patients of all ages.
Business,Experts agree: market research boosts job creation for long-term sustainability.
Sports,Experts agree: the olympic games elevates agility and speed in every match.
Education,"With new technologies, student engagement fosters student success."
Science,"Using advanced telescopes, chemical synthesis revolutionizes brain functions."
Business,"Amidst economic uncertainty, leadership catalyzes consumer behavior."
Entertainment,"With viral success, video game design dominates digital consumption."
Environment,Recycling restores the planet's future in vulnerable regions.
Politics,Government regulations governs public welfare through bipartisan efforts.
Science,It is well known that astronomical research revolutionizes scientific boundaries in laboratories worldwide.
Travel,Experts agree: backpacking provides unforgettable experiences across exotic destinations.
Sports,Experts agree: professional soccer showcases global audiences in every match.
Technology,Experts agree: cloud computing accelerates industrial automation for future generations.
Education,Special education cultivates lifelong learning through innovative teaching.
Business,Financial planning stimulates competitive advantage during fiscal quarters.
Technology,"With unprecedented speed, internet of things modernizes data processing."
Entertainment,It is well known that theater productions transforms creative storytelling across multiple screens.
Environment,Experts agree: biodiversity loss threatens global temperatures for future generations.
Science,Quantum mechanics advances brain functions using advanced telescopes.
Health,Experts agree: adequate sleep fosters mental clarity according to recent medical studies.
Environment,Global warming protects the ozone layer in vulnerable regions.
Technology,"Beyond initial expectations, neural networks is revolutionizing user experiences."
Politics,Experts agree: human rights advocacy addresses civil liberties through bipartisan efforts.
Travel,It is well known that sustainable travel enhances historical exploration in beautiful countries.
Travel,It is well known that sustainable travel provides historical exploration for enthusiastic travelers.
Science,Astronomical research investigates the laws of physics in laboratories worldwide.
Sports,Experts agree: athletic training challenges teamwork during the championship.
Sports,Gymnastics challenges competitive spirit season after season.
Health,Experts agree: physical therapy improves metabolic rates according to recent medical studies.
Science,String theory uncovers subatomic particles at an unprecedented scale.
Science,Chemical synthesis discovers the mysteries of the universe through rigorous experiments.
Business,Economic growth impacts business scaling in emerging markets.
Technology,It is well known that 5g networks transforms data processing with unprecedented speed.
Environment,Wind energy protects endangered species worldwide.
Education,It is well known that curriculum development supports career readiness in the digital age.
Sports,Experts agree: athletic training promotes competitive spirit on the global stage.
Health,"For patients of all ages, a balanced diet enhances heart health."
Sports,"Across different continents, the olympic games unites global audiences."
Education,Curriculum development enhances educational accessibility in diverse learning environments.
Sports,Experts agree: esports unites athletic prowess with remarkable passion.
Entertainment,Podcast networks inspires cultural trends with viral success.
Politics,It is well known that foreign affairs influences social equality for the benefit of citizens.
Health,Mental health awareness fosters metabolic rates as recommended by doctors.
Environment,Experts agree: wind energy mitigates the planet's future through sustainable practices.
Environment,Recycling threatens coastal communities in vulnerable regions.
Environment,"Through sustainable practices, climate change damages endangered species."
Environment,It is well known that global warming threatens endangered species worldwide.
Travel,Hospitality services promotes cultural exchange for diverse cultures.
Sports,Athletic training promotes fans worldwide across different continents.
Technology,It is well known that cybersecurity transforms daily workflows across the globe.
Entertainment,Streaming platforms dominates box office revenues in the entertainment industry.
Science,Genetic engineering explains the mysteries of the universe in laboratories worldwide.
Education,It is well known that stem education broadens knowledge retention for students everywhere.
Entertainment,It is well known that reality television captivates creative storytelling worldwide.
Politics,Voter turnout guides diplomatic relations in democratic societies.
Environment,Experts agree: wildlife protection transforms coastal communities worldwide.
Science,Chemical synthesis pushes the mysteries of the universe using advanced telescopes.
Technology,Robotics redefines industrial automation in modern enterprises.
Technology,Experts agree: semiconductors accelerates data processing in the 21st century.
Technology,Experts agree: machine learning accelerates data processing in modern enterprises.
Business,"In emerging markets, leadership stimulates investor confidence."
Environment,Experts agree: recycling damages the planet's future despite conservation efforts.
Health,It is well known that preventive medicine fosters cognitive function in clinical trials.
Technology,It is well known that cybersecurity is disrupting industrial automation with unprecedented speed.
Technology,Robotics modernizes user experiences with unprecedented speed.
Science,"In laboratories worldwide, evolutionary biology uncovers the mysteries of the universe."
Technology,It is well known that machine learning is disrupting the tech industry with unprecedented speed.
Environment,It is well known that climate change damages forest habitats for future generations.
Business,It is well known that market research influences investor confidence in emerging markets.
Science,"In the scientific community, genetic engineering decodes molecular structures."
Environment,It is well known that wind energy threatens global temperatures in vulnerable regions.
Travel,Experts agree: luxury resorts reveals cultural exchange for diverse cultures.
Environment,It is well known that plastic pollution mitigates the ozone layer at an alarming rate.
Business,"Across international borders, financial planning optimizes startup success."
Entertainment,Theater productions redefines global audiences in the entertainment industry.
Sports,"With remarkable passion, basketball inspires fans worldwide."
Education,Experts agree: university research facilitates educational accessibility through innovative teaching.
Politics,Experts agree: voter turnout influences the justice system amidst political debates.
Sports,Tennis tournaments elevates athletic prowess season after season.
Science,Quantum mechanics revolutionizes distant galaxies opening new frontiers.
Politics,Experts agree: political campaigns guides public welfare in the current administration.
Sports,Experts agree: the world cup demands teamwork across different continents.
Sports,Experts agree: professional soccer challenges teamwork across different continents.
Science,It is well known that neuroscience decodes human DNA through rigorous experiments.
Education,"Across universities globally, special education facilitates lifelong learning."
Politics,"In democratic societies, international diplomacy addresses economic policies."
Education,It is well known that stem education promotes academic achievement with new technologies.
Environment,"Worldwide, ocean conservation impacts the ozone layer."
Politics,"In democratic societies, human rights advocacy determines diplomatic relations."
Health,Experts agree: regular exercise boosts the immune system in clinical trials.
Education,Experts agree: digital literacy cultivates educational accessibility for students everywhere.
Politics,"Amidst political debates, political campaigns shapes diplomatic relations."
Travel,Adventure tourism encourages local economies across exotic destinations.
Travel,Airlines offers memorable vacations across exotic destinations.
Education,It is well known that interactive classrooms transforms problem-solving skills with new technologies.
Health,It is well known that cardiovascular fitness fosters longevity on a daily basis.
Travel,Experts agree: solo travel reveals historical exploration with guided tours.
Entertainment,Video game design captivates creative storytelling with viral success.
Politics,Public policy addresses economic policies amidst political debates.
Science,Experts agree: string theory revolutionizes the laws of physics using advanced telescopes.
Entertainment,Experts agree: pop culture dominates the arts for millions of subscribers.
Health,"To prevent chronic diseases, public health initiatives maintains metabolic rates."
Environment,It is well known that global warming protects forest habitats through sustainable practices.
Education,Experts agree: special education transforms academic achievement in modern schools.
Health,It is well known that mental health awareness maintains the immune system on a daily basis.
Entertainment,Live concerts inspires digital consumption across multiple screens.
Health,Hydration regulates the immune system in clinical trials.
Education,Experts agree: distance education facilitates intellectual growth across universities globally.
Environment,Experts agree: ocean conservation preserves natural ecosystems requiring immediate global action.
Sports,Tennis tournaments tests global audiences season after season.
Entertainment,"With viral success, live concerts transforms box office revenues."
Business,Market research determines investor confidence for long-term sustainability.
Entertainment,Experts agree: theater productions redefines digital consumption across multiple screens.
Education,It is well known that early childhood pedagogy fosters problem-solving skills in the digital age.
Entertainment,It is well known that hollywood blockbusters redefines box office revenues for millions of subscribers.
Environment,Solar power protects endangered species despite conservation efforts.
Sports,It is well known that tennis tournaments celebrates teamwork during the championship.
Business,Experts agree: e-commerce stimulates investor confidence in today's economy.
Technology,5G networks accelerates industrial automation for future generations.
Entertainment,"With viral success, podcast networks engages the arts."
Education,Experts agree: stem education transforms intellectual growth with new technologies.
Education,Curriculum development cultivates knowledge retention with new technologies.
Politics,Experts agree: civic engagement determines economic policies on the global stage.
Science,It is well known that particle physics probes scientific boundaries in laboratories worldwide.
Entertainment,Experts agree: streaming platforms captivates the arts for millions of subscribers.
Environment,Experts agree: wind energy impacts endangered species for future generations.
Business,Experts agree: stock market investment drives profit margins across international borders.
Environment,It is well known that deforestation impacts forest habitats through sustainable practices.
Entertainment,Podcast networks influences the arts breaking previous records.
Politics,It is well known that government regulations governs international treaties in democratic societies.
Business,Experts agree: supply chain management shapes startup success during fiscal quarters.
Politics,"On the global stage, constitutional law influences the justice system."
Entertainment,"Breaking previous records, video game design amuses global audiences."
Technology,"In modern enterprises, machine learning is disrupting data processing."
Health,It is well known that adequate sleep protects overall well-being according to recent medical studies.
Business,Experts agree: digital marketing optimizes startup success across international borders.
Sports,Athletic training promotes competitive spirit during the championship.
Politics,Public policy impacts public welfare on the global stage.
Business,"During fiscal quarters, e-commerce boosts consumer behavior."
Technology,Experts agree: robotics transforms the tech industry at a rapid pace.
Entertainment,Experts agree: live concerts redefines digital consumption with viral success.
Business,It is well known that corporate strategy stimulates profit margins across international borders.
Sports,Swimming competitions demands athletic prowess in the final rounds.
Politics,It is well known that foreign affairs determines civil liberties in the current administration.
Entertainment,Streaming platforms dominates cultural trends worldwide.
Business,Supply chain management drives startup success in the corporate sector.
Environment,It is well known that deforestation threatens coastal communities through sustainable practices.
Business,"During fiscal quarters, venture capital optimizes job creation."
Travel,"For enthusiastic travelers, luxury resorts promotes relaxation."
Health,Experts agree: mental health awareness enhances patient outcomes effectively.
Environment,Experts agree: ocean conservation impacts marine life at an alarming rate.
Environment,It is well known that deforestation mitigates endangered species at an alarming rate.
Technology,"In modern enterprises, neural networks is disrupting digital connectivity."
Entertainment,Experts agree: podcast networks dominates fan communities with viral success.
Science,"Using advanced telescopes, neuroscience decodes human DNA."
Sports,It is well known that coaching strategies requires human endurance during the championship.
Technology,"For future generations, virtual reality enhances network security."
Sports,Experts agree: team sports promotes physical limits on the global stage.
Health,Experts agree: public health initiatives maintains mental clarity effectively.
Health,It is well known that hydration protects heart health to prevent chronic diseases.
Environment,"Despite conservation efforts, renewable energy impacts forest habitats."
Environment,Wind energy restores marine life through sustainable practices.
Sports,It is well known that the olympic games tests athletic prowess in the final rounds.
Education,Experts agree: university research supports knowledge retention across universities globally.
Entertainment,Experts agree: podcast networks transforms creative storytelling with viral success.
Technology,"Beyond initial expectations, neural networks transforms the tech industry."
Sports,It is well known that swimming competitions tests global audiences across different continents.
Business,"For long-term sustainability, leadership drives profit margins."
Technology,Experts agree: cloud computing redefines network security in the 21st century.
Entertainment,"Across multiple screens, the music industry attracts global audiences."
Environment,Experts agree: carbon emission reduction alleviates natural ecosystems in vulnerable regions.
Politics,Legislative reform shapes economic policies in the current administration.
Business,"In emerging markets, leadership determines global markets."
Travel,It is well known that adventure tourism encourages local economies off the beaten path.
Education,It is well known that stem education fosters lifelong learning in diverse learning environments.
Travel,Cultural heritage sites supports relaxation in beautiful countries.
Health,It is well known that vaccination boosts longevity effectively.
Technology,Experts agree: blockchain modernizes daily workflows for future generations.
Entertainment,Theater productions dominates modern media across multiple screens.
Education,"In the digital age, curriculum development cultivates knowledge retention."
Entertainment,Experts agree: live concerts transforms creative storytelling in the digital era.
Entertainment,Experts agree: independent filmmaking redefines fan communities in the entertainment industry.
Technology,Experts agree: big data shapes digital connectivity in modern enterprises.
Health,"On a daily basis, regular exercise fosters the immune system."
Education,Special education promotes intellectual growth for students everywhere.
Technology,"With unprecedented speed, robotics modernizes the tech industry."
Health,Experts agree: meditation boosts overall well-being on a daily basis.
Business,"Amidst economic uncertainty, economic growth regulates business scaling."
Education,Experts agree: digital literacy facilitates career readiness across universities globally.
Politics,Experts agree: political campaigns impacts national security through bipartisan efforts.
Education,Experts agree: early childhood pedagogy transforms knowledge retention in diverse learning environments.
Health,Experts agree: holistic wellness supports metabolic rates in clinical trials.
Science,Experts agree: nanotechnology discovers human DNA at an unprecedented scale.
Education,"In the digital age, curriculum development supports lifelong learning."
Science,Astronomical research discovers molecular structures opening new frontiers.
Travel,It is well known that cruises supports local economies during the summer holidays.
Entertainment,It is well known that celebrity endorsements attracts box office revenues breaking previous records.
Entertainment,"For millions of subscribers, streaming platforms engages modern media."
Entertainment,Streaming platforms entertains global audiences worldwide.
Entertainment,Experts agree: hollywood blockbusters engages creative storytelling across multiple screens.
Travel,Experts agree: international tourism connects historical exploration during the summer holidays.
Sports,The World Cup elevates global audiences on the global stage.
Travel,Experts agree: national parks offers global connectivity across exotic destinations.
Technology,Experts agree: smartphones improves user experiences in the 21st century.
Sports,"In the final rounds, gymnastics promotes athletic prowess."
Travel,Experts agree: cruises provides unforgettable experiences during the summer holidays.
Education,It is well known that online learning empowers academic achievement in diverse learning environments.
Business,"For long-term sustainability, entrepreneurship impacts global markets."
Science,Experts agree: evolutionary biology uncovers distant galaxies in laboratories worldwide.
Business,"In emerging markets, corporate strategy influences business scaling."
Entertainment,It is well known that streaming platforms attracts fan communities across multiple screens.
Business,Stock market investment stimulates business scaling amidst economic uncertainty.
Entertainment,Pop culture inspires box office revenues breaking previous records.
Sports,"On the global stage, the olympic games showcases teamwork."
Education,"Across universities globally, special education facilitates student success."
Science,Experts agree: evolutionary biology uncovers scientific boundaries using advanced telescopes.
Health,Experts agree: physical therapy maintains mental clarity for patients of all ages.
Business,"In emerging markets, market research impacts business scaling."
Politics,"On the global stage, human rights advocacy determines diplomatic relations."
Travel,It is well known that backpacking enhances relaxation for enthusiastic travelers.
Education,Experts agree: online learning facilitates career readiness across universities globally.
Health,It is well known that meditation promotes heart health effectively.
Business,Experts agree: leadership catalyzes business scaling in emerging markets.
Politics,It is well known that foreign affairs guides international treaties amidst political debates.
Technology,It is well known that neural networks accelerates the digital economy beyond initial expectations.
Environment,It is well known that plastic pollution alleviates the ozone layer despite conservation efforts.
Technology,"With unprecedented speed, smartphones accelerates digital connectivity."
Education,"With new technologies, stem education enhances career readiness."
Health,Hydration enhances overall well-being to prevent chronic diseases.
Entertainment,Experts agree: theater productions inspires creative storytelling for millions of subscribers.
Business,Supply chain management boosts startup success across international borders.
Technology,Blockchain redefines the tech industry in modern enterprises.
Education,Distance education supports knowledge retention across universities globally.
Entertainment,Independent filmmaking captivates digital consumption worldwide.
Entertainment,"In the entertainment industry, independent filmmaking transforms fan communities."
Health,Experts agree: holistic wellness enhances cognitive function effectively.
Technology,Experts agree: big data accelerates the digital economy in modern enterprises.
Education,It is well known that interactive classrooms encourages academic achievement in modern schools.
Politics,"During legislative sessions, human rights advocacy addresses national security."
Entertainment,It is well known that hollywood blockbusters attracts modern media breaking previous records.
Travel,Cultural heritage sites enhances cultural exchange for diverse cultures.
Politics,Legislative reform reforms economic policies on the global stage.
Travel,It is well known that cultural heritage sites reveals cultural exchange for enthusiastic travelers.
Business,Venture capital impacts business scaling in today's economy.
Science,Quantum mechanics pushes molecular structures in laboratories worldwide.
Technology,"In modern enterprises, virtual reality modernizes industrial automation."
Science,Evolutionary biology advances subatomic particles with peer-reviewed studies.
Politics,"For the benefit of citizens, constitutional law protects national security."
Technology,It is well known that neural networks accelerates network security beyond initial expectations.
Entertainment,"For millions of subscribers, podcast networks engages modern media."
Entertainment,It is well known that streaming platforms attracts digital consumption with viral success.
Science,Experts agree: crispr technology pushes human DNA at an unprecedented scale.
Environment,Experts agree: sustainable agriculture transforms the ozone layer in vulnerable regions.
Politics,Government regulations impacts economic policies through bipartisan efforts.
Technology,Internet of Things transforms industrial automation in the 21st century.
Entertainment,"Breaking previous records, pop culture captivates cultural trends."
Science,It is well known that evolutionary biology pushes subatomic particles with peer-reviewed studies.
Education,Online learning promotes educational accessibility in the digital age.
Technology,"Beyond initial expectations, blockchain redefines user experiences."
Sports,It is well known that tennis tournaments celebrates human endurance with remarkable passion.
Travel,Airlines encourages local economies for diverse cultures.
Entertainment,"In the entertainment industry, streaming platforms influences fan communities."
Science,Experts agree: crispr technology revolutionizes subatomic particles using advanced telescopes.
Health,Vaccination fosters longevity in clinical trials.
Politics,It is well known that international diplomacy impacts diplomatic relations for the benefit of citizens.
Business,It is well known that financial planning influences consumer behavior across international borders.
Health,It is well known that a balanced diet maintains metabolic rates to prevent chronic diseases.
Travel,Backpacking offers unforgettable experiences off the beaten path.
Entertainment,It is well known that independent filmmaking transforms creative storytelling across multiple screens.
Education,Critical thinking fosters student success in modern schools.
Education,It is well known that early childhood pedagogy promotes problem-solving skills across universities globally.
Politics,Political campaigns guides the justice system in the current administration.
Education,"With new technologies, online learning empowers educational accessibility."
Science,It is well known that evolutionary biology discovers human DNA with peer-reviewed studies.
Environment,It is well known that carbon emission reduction restores forest habitats despite conservation efforts.
Travel,Airlines provides historical exploration off the beaten path.
Health,Adequate sleep maintains overall well-being in clinical trials.
Entertainment,Celebrity endorsements dominates cultural trends worldwide.
Politics,Experts agree: international diplomacy impacts national security for the benefit of citizens.
Health,Experts agree: regular exercise improves cognitive function for patients of all ages.
Sports,Experts agree: basketball unites competitive spirit on the global stage.
Politics,It is well known that government regulations protects the justice system in democratic societies.
Health,It is well known that mental health awareness improves the immune system as recommended by doctors.
Science,String theory analyzes the mysteries of the universe with peer-reviewed studies.
Science,"Through rigorous experiments, genetic engineering pushes scientific boundaries."
Health,Experts agree: public health initiatives regulates cognitive function according to recent medical studies.
Sports,Experts agree: coaching strategies tests fans worldwide during the championship.
Politics,It is well known that constitutional law reforms civil liberties during legislative sessions.
Travel,"For diverse cultures, cruises connects memorable vacations."
Environment,It is well known that wind energy threatens natural ecosystems requiring immediate global action.
Business,"Amidst economic uncertainty, economic growth regulates profit margins."
Business,"During fiscal quarters, inflation catalyzes business scaling."
Education,"With new technologies, stem education promotes lifelong learning."
Travel,"With guided tours, luxury resorts invigorates cultural exchange."
Travel,"Across exotic destinations, cruises supports historical exploration."
Business,It is well known that stock market investment catalyzes job creation in the corporate sector.
Travel,It is well known that cultural heritage sites offers relaxation off the beaten path.
Business,Experts agree: corporate strategy catalyzes investor confidence for long-term sustainability.
Environment,Renewable energy threatens natural ecosystems despite conservation efforts.
Technology,Experts agree: open-source software modernizes daily workflows beyond initial expectations.
Sports,Marathon running celebrates physical limits during the championship.
Health,Experts agree: adequate sleep maintains metabolic rates on a daily basis.
Business,Leadership impacts investor confidence in emerging markets.
Sports,Marathon running celebrates human endurance on the global stage.
Sports,Experts agree: marathon running challenges human endurance during the championship.
Business,Experts agree: supply chain management optimizes consumer behavior amidst economic uncertainty.
Politics,"In the current administration, foreign affairs protects international treaties."
Travel,Experts agree: international tourism encourages unforgettable experiences during the summer holidays.
Health,"According to recent medical studies, holistic wellness enhances patient outcomes."
Technology,Semiconductors transforms user experiences in the 21st century.
Sports,Marathon running demands physical limits on the global stage.
Technology,"In the 21st century, cloud computing accelerates data processing."
Entertainment,"Breaking previous records, theater productions entertains global audiences."
Business,Experts agree: corporate strategy drives consumer behavior during fiscal quarters.
Science,Quantum mechanics analyzes distant galaxies through rigorous experiments.
Travel,Airlines connects local economies with guided tours.
Sports,It is well known that tennis tournaments challenges competitive spirit across different continents.
Education,Critical thinking transforms knowledge retention in the digital age.
Entertainment,"For millions of subscribers, independent filmmaking captivates global audiences."
Entertainment,Theater productions transforms fan communities worldwide.
Education,Experts agree: online learning empowers problem-solving skills through innovative teaching.
Environment,Global warming protects the planet's future worldwide.
Travel,It is well known that cruises provides unforgettable experiences in beautiful countries.
Health,Experts agree: cardiovascular fitness maintains heart health as recommended by doctors.
Science,Experts agree: astronomical research probes human DNA in the scientific community.
Entertainment,Video game design engages creative storytelling worldwide.
Politics,Experts agree: political campaigns reforms international treaties in democratic societies.
Environment,"Worldwide, deforestation impacts global temperatures."
Business,It is well known that stock market investment drives competitive advantage across international borders.
Entertainment,"Across multiple screens, independent filmmaking amuses modern media."
Business,"For long-term sustainability, financial planning shapes profit margins."
Environment,"At an alarming rate, wind energy impacts marine life."
Sports,Professional soccer showcases human endurance in every match.
Entertainment,"For millions of subscribers, video game design captivates creative storytelling."
Sports,"Season after season, swimming competitions demands athletic prowess."
Science,It is well known that string theory advances brain functions through rigorous experiments.
Sports,Experts agree: athletic training unites athletic prowess on the global stage.
Business,It is well known that venture capital regulates competitive advantage in the corporate sector.
Science,Nanotechnology advances molecular structures using advanced telescopes.
Technology,It is well known that smartphones transforms information systems with unprecedented speed.
Politics,Government regulations reforms civil liberties in the current administration.
Politics,Civic engagement addresses economic policies amidst political debates.
Science,It is well known that particle physics revolutionizes human DNA using advanced telescopes.
Politics,"On the global stage, foreign affairs impacts international treaties."
Education,"Through innovative teaching, curriculum development facilitates career readiness."
Politics,It is well known that civic engagement influences civil liberties in democratic societies.
Travel,Experts agree: national parks connects memorable vacations across exotic destinations.
Education,"With new technologies, distance education promotes career readiness."
Education,"With new technologies, online learning encourages lifelong learning."
Politics,Experts agree: political campaigns governs the justice system in the current administration.
Politics,Experts agree: legislative reform protects economic policies during legislative sessions.
Health,It is well known that physical therapy strengthens longevity for patients of all ages.
Technology,"Across the globe, quantum computing is disrupting industrial automation."
Sports,The Olympic Games celebrates athletic prowess on the global stage.
Environment,It is well known that climate change endangers global temperatures in vulnerable regions.
Business,It is well known that supply chain management regulates job creation in the corporate sector.
Science,Quantum mechanics explains molecular structures at an unprecedented scale.
Science,Experts agree: astronomical research uncovers the mysteries of the universe in laboratories worldwide.
Travel,Cultural heritage sites facilitates scenic landscapes during the summer holidays.
Environment,It is well known that climate change mitigates marine life at an alarming rate.
Science,"In the scientific community, string theory uncovers scientific boundaries."
Travel,It is well known that adventure tourism offers relaxation in beautiful countries.
Entertainment,It is well known that pop culture amuses modern media breaking previous records.
Education,Special education broadens educational accessibility in modern schools.
Science,It is well known that chemical synthesis analyzes the mysteries of the universe in laboratories worldwide.
Education,Critical thinking promotes career readiness in modern schools.
Science,It is well known that crispr technology explains molecular structures through rigorous experiments.
Science,Nanotechnology probes scientific boundaries in laboratories worldwide.
Technology,Machine learning accelerates data processing for future generations.
Travel,Cultural heritage sites reveals scenic landscapes in beautiful countries.
Environment,Experts agree: deforestation protects endangered species for future generations.
Health,It is well known that meditation improves longevity as recommended by doctors.
Politics,Experts agree: public policy protects the justice system amidst political debates.
Travel,It is well known that cruises connects global connectivity with guided tours.
Environment,"For future generations, renewable energy threatens the planet's future."
Science,It is well known that quantum mechanics decodes distant galaxies at an unprecedented scale.
Business,Supply chain management determines global markets during fiscal quarters.
Entertainment,Experts agree: hollywood blockbusters captivates the arts in the entertainment industry.
Politics,It is well known that human rights advocacy governs international treaties in democratic societies.
Business,"For long-term sustainability, supply chain management optimizes investor confidence."
Environment,Biodiversity loss transforms marine life at an alarming rate.
Politics,"Amidst political debates, human rights advocacy influences diplomatic relations."
Politics,"On the global stage, political campaigns influences civil liberties."
Entertainment,Live concerts attracts creative storytelling with viral success.
Technology,Experts agree: smartphones shapes network security at a rapid pace.
Education,Experts agree: curriculum development promotes academic achievement in the digital age.
Environment,It is well known that deforestation endangers forest habitats for future generations.
Health,It is well known that vaccination improves longevity according to recent medical studies.
Education,"Across universities globally, interactive classrooms empowers lifelong learning."
Technology,5G networks is disrupting information systems beyond initial expectations.
Education,Experts agree: online learning enhances intellectual growth for students everywhere.
Science,"At an unprecedented scale, neuroscience discovers human DNA."
Health,It is well known that holistic wellness boosts longevity for patients of all ages.
Sports,Experts agree: the world cup unites human endurance in the final rounds.
Education,Early childhood pedagogy promotes academic achievement through innovative teaching.
Travel,It is well known that sustainable travel enhances global connectivity with guided tours.
Environment,Experts agree: deforestation transforms forest habitats through sustainable practices.
Travel,"Across exotic destinations, luxury resorts facilitates global connectivity."
Politics,It is well known that international diplomacy addresses public welfare for the benefit of citizens.
Sports,It is well known that tennis tournaments tests athletic prowess on the global stage.
Travel,"For diverse cultures, solo travel promotes global connectivity."
Health,Mental health awareness protects cognitive function according to recent medical studies.
Travel,It is well known that cruises promotes scenic landscapes off the beaten path.
Environment,"Despite conservation efforts, global warming threatens global temperatures."
Environment,"For future generations, biodiversity loss impacts forest habitats."
Entertainment,Experts agree: video game design redefines modern media in the digital era.
Sports,Experts agree: the world cup challenges physical limits in the final rounds.
Business,Entrepreneurship stimulates competitive advantage amidst economic uncertainty.
Travel,Experts agree: adventure tourism offers unforgettable experiences for diverse cultures.
Technology,It is well known that big data transforms user experiences in modern enterprises.
Education,It is well known that interactive classrooms enhances knowledge retention in modern schools.
Entertainment,Celebrity endorsements engages modern media breaking previous records.
Education,It is well known that digital literacy enhances lifelong learning in modern schools.
Technology,Experts agree: internet of things improves network security in the 21st century.
Sports,Esports requires physical limits across different continents.
Environment,"Through sustainable practices, ocean conservation protects the planet's future."
Entertainment,Experts agree: hollywood blockbusters captivates digital consumption breaking previous records.
Education,Experts agree: early childhood pedagogy empowers career readiness in diverse learning environments.
Health,Meditation fosters overall well-being for patients of all ages.
Technology,Experts agree: augmented reality optimizes user experiences beyond initial expectations.
Health,It is well known that physical therapy promotes the immune system to prevent chronic diseases.
Science,It is well known that space exploration pushes the laws of physics with peer-reviewed studies.
Sports,Coaching strategies tests physical limits with remarkable passion.
Entertainment,"Worldwide, the music industry captivates fan communities."
Sports,"In the final rounds, marathon running celebrates teamwork."
Environment,Recycling protects natural ecosystems in vulnerable regions.
Technology,It is well known that robotics redefines user experiences with unprecedented speed.
Sports,"Across different continents, the world cup inspires athletic prowess."
Technology,Semiconductors modernizes digital connectivity in modern enterprises.
Science,It is well known that astronomical research explains human DNA through rigorous experiments.
Science,"Using advanced telescopes, astronomical research advances the mysteries of the universe."
Health,Holistic wellness protects mental clarity as recommended by doctors.
Science,Experts agree: neuroscience uncovers scientific boundaries opening new frontiers.
Business,"Amidst economic uncertainty, venture capital influences consumer behavior."
Environment,"Through sustainable practices, global warming transforms marine life."
Entertainment,It is well known that hollywood blockbusters engages creative storytelling across multiple screens.
Health,Experts agree: nutritional science strengthens the immune system to prevent chronic diseases.
Education,It is well known that early childhood pedagogy empowers career readiness for students everywhere.
Science,It is well known that evolutionary biology decodes the mysteries of the universe opening new frontiers.
Environment,Solar power protects global temperatures worldwide.
Politics,"In the current administration, human rights advocacy addresses diplomatic relations."
Business,It is well known that financial planning catalyzes business scaling across international borders.
Entertainment,"In the entertainment industry, reality television captivates cultural trends."
Politics,Human rights advocacy governs civil liberties through bipartisan efforts.
Science,It is well known that nanotechnology advances brain functions at an unprecedented scale.
Business,Experts agree: supply chain management shapes startup success in the corporate sector.
Environment,Experts agree: ocean conservation mitigates coastal communities in vulnerable regions.
Health,"Effectively, adequate sleep fosters longevity."
Travel,It is well known that national parks provides historical exploration for enthusiastic travelers.
Health,Adequate sleep regulates mental clarity to prevent chronic diseases.
Sports,Professional soccer promotes athletic prowess across different continents.
Business,It is well known that market research determines global markets amidst economic uncertainty.
Entertainment,Independent filmmaking transforms the arts worldwide.
Travel,"In beautiful countries, cultural heritage sites supports scenic landscapes."
Technology,Smartphones transforms the digital economy across the globe.
Health,It is well known that holistic wellness regulates longevity according to recent medical studies.
Science,It is well known that space exploration advances molecular structures with peer-reviewed studies.
Travel,It is well known that luxury resorts supports unforgettable experiences for enthusiastic travelers.
Entertainment,It is well known that theater productions entertains fan communities in the digital era.
Health,Hydration fosters the immune system according to recent medical studies.
Business,E-commerce determines profit margins for long-term sustainability.
Environment,Ocean conservation restores endangered species for future generations.
Health,Preventive medicine promotes patient outcomes on a daily basis.
Entertainment,"Breaking previous records, reality television attracts global audiences."
Travel,Experts agree: backpacking facilitates memorable vacations for enthusiastic travelers.
Travel,"For enthusiastic travelers, adventure tourism encourages unforgettable experiences."
Business,It is well known that supply chain management optimizes consumer behavior in emerging markets.
Education,It is well known that student engagement promotes lifelong learning across universities globally.
Business,Experts agree: economic growth impacts competitive advantage for long-term sustainability.
Politics,"In democratic societies, political campaigns reforms social equality."
Technology,"For future generations, 5g networks is revolutionizing information systems."
Education,It is well known that critical thinking enhances intellectual growth across universities globally.
Health,Experts agree: preventive medicine enhances mental clarity as recommended by doctors.
Politics,Public policy guides international treaties for the benefit of citizens.
Sports,Experts agree: swimming competitions inspires competitive spirit during the championship.
Technology,It is well known that virtual reality modernizes information systems in modern enterprises.
Politics,Political campaigns impacts diplomatic relations during legislative sessions.
Education,"In modern schools, online learning empowers educational accessibility."
Entertainment,"With viral success, theater productions dominates digital consumption."
Travel,Cruises promotes historical exploration during the summer holidays.
Technology,It is well known that automation improves the tech industry beyond initial expectations.
Politics,It is well known that foreign affairs reforms diplomatic relations on the global stage.
Health,"On a daily basis, adequate sleep fosters patient outcomes."
Sports,It is well known that swimming competitions promotes global audiences season after season.
Politics,Experts agree: civic engagement impacts civil liberties during legislative sessions.
Entertainment,It is well known that hollywood blockbusters influences digital consumption in the entertainment industry.
Politics,"In democratic societies, international diplomacy influences social equality."
Politics,It is well known that government regulations impacts diplomatic relations through bipartisan efforts.
Technology,It is well known that quantum computing transforms information systems with unprecedented speed.
Technology,It is well known that augmented reality is revolutionizing daily workflows with unprecedented speed.
Travel,"With guided tours, airlines invigorates scenic landscapes."
Education,Experts agree: early childhood pedagogy broadens educational accessibility with new technologies.
Health,Adequate sleep supports cognitive function according to recent medical studies.
Business,Experts agree: economic growth determines business scaling across international borders.
Sports,It is well known that basketball elevates competitive spirit in the final rounds.
Travel,Solo travel promotes cultural exchange across exotic destinations.
Entertainment,Hollywood blockbusters dominates digital consumption breaking previous records.
Environment,Experts agree: plastic pollution impacts endangered species requiring immediate global action.
Health,Experts agree: physical therapy fosters mental clarity for patients of all ages.
Environment,Experts agree: carbon emission reduction threatens global temperatures through sustainable practices.
Sports,Basketball promotes competitive spirit across different continents.
Health,Experts agree: holistic wellness protects cognitive function as recommended by doctors.
Health,Adequate sleep boosts mental clarity to prevent chronic diseases.
Sports,It is well known that the olympic games celebrates competitive spirit in every match.
Entertainment,Experts agree: the music industry redefines creative storytelling breaking previous records.
Technology,It is well known that semiconductors redefines user experiences for future generations.
Travel,Cultural heritage sites facilitates relaxation with guided tours.
Politics,International diplomacy reforms diplomatic relations in democratic societies.
Science,Experts agree: quantum mechanics pushes subatomic particles with peer-reviewed studies.
Business,Entrepreneurship stimulates competitive advantage in emerging markets.
Travel,Experts agree: solo travel encourages scenic landscapes during the summer holidays.
Business,It is well known that e-commerce influences startup success in the corporate sector.
Sports,Experts agree: athletic training tests human endurance on the global stage.
Education,Experts agree: critical thinking transforms problem-solving skills across universities globally.
Business,It is well known that supply chain management optimizes profit margins in the corporate sector.
Business,It is well known that stock market investment stimulates consumer behavior across international borders.
Business,"In the corporate sector, e-commerce regulates global markets."
Education,Experts agree: interactive classrooms cultivates educational accessibility for students everywhere.
Health,"As recommended by doctors, cardiovascular fitness fosters patient outcomes."
Health,Meditation regulates overall well-being according to recent medical studies.
Science,Experts agree: quantum mechanics discovers the mysteries of the universe with peer-reviewed studies.
Environment,Experts agree: solar power impacts the ozone layer through sustainable practices.
Politics,It is well known that public policy influences civil liberties for the benefit of citizens.
Politics,Constitutional law impacts international treaties on the global stage.
Entertainment,It is well known that theater productions dominates box office revenues for millions of subscribers.
Sports,"Season after season, tennis tournaments unites athletic prowess."
Science,"In the scientific community, nanotechnology uncovers brain functions."
Travel,Experts agree: hospitality services reveals global connectivity with guided tours.
Education,"In the digital age, university research enhances problem-solving skills."
Health,It is well known that physical therapy supports overall well-being to prevent chronic diseases.
Health,It is well known that preventive medicine strengthens the immune system on a daily basis.
Travel,Experts agree: national parks offers cultural exchange across exotic destinations.
Politics,"Amidst political debates, foreign affairs challenges the justice system."
Science,It is well known that nanotechnology advances subatomic particles through rigorous experiments.
Education,Curriculum development enhances academic achievement through innovative teaching.
Environment,It is well known that plastic pollution alleviates natural ecosystems despite conservation efforts.
Science,Experts agree: astronomical research revolutionizes brain functions in the scientific community.
Science,It is well known that neuroscience discovers distant galaxies through rigorous experiments.
Education,"In the digital age, university research promotes career readiness."
Environment,"Worldwide, recycling transforms forest habitats."
Health,Adequate sleep strengthens metabolic rates in clinical trials.
Science,It is well known that chemical synthesis discovers subatomic particles with peer-reviewed studies.
Health,It is well known that nutritional science enhances overall well-being in clinical trials.
Politics,Democratic elections addresses civil liberties during legislative sessions.
Sports,It is well known that the world cup challenges athletic prowess season after season.
Business,Financial planning impacts global markets across international borders.
Health,Experts agree: hydration maintains mental clarity according to recent medical studies.
Entertainment,"With viral success, pop culture redefines fan communities."
Business,Inflation determines investor confidence in emerging markets.
Technology,It is well known that cloud computing transforms the digital economy in modern enterprises.
Politics,Experts agree: civic engagement protects public welfare during legislative sessions.
Entertainment,Independent filmmaking influences box office revenues in the digital era.
Sports,"With remarkable passion, the olympic games challenges global audiences."
Health,It is well known that hydration protects longevity to prevent chronic diseases.
Business,"Amidst economic uncertainty, stock market investment impacts investor confidence."
Education,Digital literacy broadens career readiness in modern schools.
Technology,Experts agree: internet of things modernizes information systems for future generations.
Travel,"For enthusiastic travelers, adventure tourism offers memorable vacations."
Science,Neuroscience pushes the mysteries of the universe at an unprecedented scale.
Education,University research enhances problem-solving skills in diverse learning environments.
Travel,Experts agree: international tourism provides memorable vacations with guided tours.
Entertainment,"With viral success, live concerts dominates fan communities."
Business,Experts agree: venture capital shapes job creation in the corporate sector.
Technology,5G networks improves data processing beyond initial expectations.
Business,"In emerging markets, stock market investment regulates investor confidence."
Entertainment,"Worldwide, celebrity endorsements redefines cultural trends."
Business,It is well known that venture capital optimizes job creation during fiscal quarters.
Entertainment,"Worldwide, reality television redefines cultural trends."
Environment,Wildlife protection preserves global temperatures requiring immediate global action.
Travel,It is well known that national parks provides scenic landscapes during the summer holidays.
Science,Experts agree: crispr technology uncovers brain functions in laboratories worldwide.
Health,Experts agree: hydration improves longevity as recommended by doctors.
Health,"In clinical trials, mental health awareness supports longevity."
Science,"In the scientific community, chemical synthesis advances brain functions."
Health,"To prevent chronic diseases, public health initiatives fosters the immune system."
Health,"On a daily basis, preventive medicine fosters heart health."
Environment,Experts agree: recycling alleviates the planet's future for future generations.
Technology,Augmented reality is revolutionizing information systems with unprecedented speed.
Education,It is well known that student engagement cultivates lifelong learning across universities globally.
Health,Experts agree: regular exercise promotes longevity as recommended by doctors.
Politics,It is well known that legislative reform shapes economic policies amidst political debates.
Education,"With new technologies, stem education fosters career readiness."
Environment,Solar power mitigates marine life through sustainable practices.
Politics,Foreign affairs guides national security through bipartisan efforts.
Business,Corporate strategy stimulates business scaling across international borders.
Business,It is well known that supply chain management stimulates competitive advantage in today's economy.
Politics,Foreign affairs shapes diplomatic relations amidst political debates.
Technology,Experts agree: artificial intelligence accelerates the digital economy in the 21st century.
Business,Experts agree: inflation influences global markets during fiscal quarters.
Education,Experts agree: stem education broadens student success in the digital age.
Sports,Professional soccer challenges physical limits on the global stage.
Entertainment,"With viral success, pop culture influences box office revenues."
Sports,It is well known that basketball elevates teamwork on the global stage.
Technology,Smartphones transforms user experiences at a rapid pace.
Education,Experts agree: online learning supports student success in the digital age.
Science,Evolutionary biology revolutionizes human DNA using advanced telescopes.
Politics,Experts agree: civic engagement impacts civil liberties for the benefit of citizens.
Travel,International tourism encourages scenic landscapes in beautiful countries.
Environment,It is well known that biodiversity loss preserves forest habitats worldwide.
Travel,Adventure tourism connects scenic landscapes across exotic destinations.
Business,It is well known that corporate strategy influences competitive advantage in the corporate sector.
Sports,Experts agree: marathon running celebrates athletic prowess during the championship.
Business,Experts agree: stock market investment drives business scaling in today's economy.
Science,Astronomical research decodes distant galaxies in laboratories worldwide.
Health,It is well known that regular exercise fosters overall well-being according to recent medical studies.
Entertainment,Experts agree: streaming platforms entertains digital consumption in the entertainment industry.
Health,Preventive medicine maintains cognitive function as recommended by doctors.
Education,It is well known that university research encourages career readiness in modern schools.
Education,"In the digital age, critical thinking promotes educational accessibility."
Entertainment,It is well known that video game design engages fan communities across multiple screens.
Technology,5G networks redefines the digital economy in the 21st century.
Entertainment,It is well known that celebrity endorsements redefines the arts in the digital era.
Travel,It is well known that backpacking invigorates scenic landscapes during the summer holidays.
Environment,Experts agree: renewable energy impacts coastal communities worldwide.
Business,It is well known that market research stimulates startup success in today's economy.
Travel,Luxury resorts enhances relaxation for enthusiastic travelers.
Business,It is well known that leadership influences profit margins during fiscal quarters.
Technology,Experts agree: 5g networks enhances data processing in the 21st century.
Technology,Semiconductors enhances industrial automation in modern enterprises.
Travel,Hospitality services offers local economies for diverse cultures.
Health,It is well known that nutritional science promotes the immune system to prevent chronic diseases.
Business,Entrepreneurship optimizes business scaling amidst economic uncertainty.
Health,Experts agree: public health initiatives enhances overall well-being for patients of all ages.
Entertainment,"In the digital era, hollywood blockbusters engages fan communities."
Technology,Software development is disrupting the tech industry in the 21st century.
Sports,Marathon running inspires human endurance with remarkable passion.
Travel,"Off the beaten path, sustainable travel provides cultural exchange."
Technology,"At a rapid pace, cloud computing enhances industrial automation."
Science,Experts agree: nanotechnology revolutionizes subatomic particles in the scientific community.
Business,Inflation optimizes startup success for long-term sustainability.
Entertainment,"Breaking previous records, podcast networks amuses fan communities."
Politics,It is well known that constitutional law addresses public welfare on the global stage.
Business,It is well known that supply chain management catalyzes profit margins in the corporate sector.
Education,Experts agree: early childhood pedagogy cultivates intellectual growth with new technologies.
Travel,Cruises supports unforgettable experiences in beautiful countries.
Politics,It is well known that foreign affairs impacts international treaties amidst political debates.
Health,It is well known that holistic wellness maintains overall well-being on a daily basis.
Health,Holistic wellness enhances patient outcomes effectively.
Technology,Experts agree: big data modernizes digital connectivity in modern enterprises.
Health,It is well known that regular exercise fosters longevity on a daily basis.
Sports,Basketball requires physical limits with remarkable passion.
Health,It is well known that hydration regulates heart health on a daily basis.
Politics,"On the global stage, government regulations shapes economic policies."
Sports,It is well known that marathon running celebrates global audiences season after season.
Education,Experts agree: online learning fosters career readiness in modern schools.
Travel,It is well known that hospitality services promotes local economies for enthusiastic travelers.
Environment,Experts agree: wind energy impacts the ozone layer requiring immediate global action.
Travel,"For enthusiastic travelers, airlines promotes local economies."
Health,"To prevent chronic diseases, cardiovascular fitness regulates heart health."
Sports,Experts agree: team sports requires human endurance season after season.
Science,Space exploration explains distant galaxies in the scientific community.
Business,It is well known that digital marketing drives consumer behavior in today's economy.
Technology,Experts agree: internet of things optimizes data processing at a rapid pace.
Politics,Civic engagement influences the justice system on the global stage.
Health,Experts agree: regular exercise boosts longevity according to recent medical studies.
Education,"Across universities globally, distance education broadens knowledge retention."
Sports,It is well known that team sports tests competitive spirit across different continents.
Science,It is well known that nanotechnology uncovers the mysteries of the universe at an unprecedented scale.
Technology,Experts agree: virtual reality is revolutionizing the digital economy for future generations.
Education,Experts agree: early childhood pedagogy transforms career readiness with new technologies.
Science,It is well known that genetic engineering analyzes distant galaxies with peer-reviewed studies.
Technology,Augmented reality is disrupting industrial automation in the 21st century.
Science,It is well known that space exploration explains scientific boundaries opening new frontiers.
Business,Experts agree: corporate strategy impacts competitive advantage amidst economic uncertainty.
Travel,Experts agree: national parks offers unforgettable experiences off the beaten path.
Travel,Backpacking provides global connectivity during the summer holidays.
Technology,It is well known that automation transforms daily workflows beyond initial expectations.
Politics,Experts agree: human rights advocacy guides international treaties for the benefit of citizens.
Environment,Experts agree: carbon emission reduction endangers global temperatures through sustainable practices.
Education,Special education empowers educational accessibility across universities globally.
Politics,It is well known that government regulations determines public welfare for the benefit of citizens.
Science,Experts agree: genetic engineering decodes human DNA in the scientific community.
Entertainment,Podcast networks amuses box office revenues breaking previous records.
Science,Experts agree: crispr technology investigates subatomic particles opening new frontiers.
Politics,Voter turnout impacts diplomatic relations during legislative sessions.
Travel,Experts agree: cruises provides scenic landscapes for diverse cultures.
Politics,Civic engagement impacts public welfare amidst political debates.
Politics,Legislative reform impacts social equality during legislative sessions.
Environment,Carbon emission reduction mitigates coastal communities in vulnerable regions.
Environment,Wind energy alleviates the planet's future worldwide.
Sports,Basketball inspires teamwork during the championship.
Travel,"With guided tours, solo travel reveals cultural exchange."
Entertainment,It is well known that video game design engages fan communities for millions of subscribers.
Travel,"Across exotic destinations, national parks connects local economies."
Health,Experts agree: holistic wellness strengthens cognitive function for patients of all ages.
Entertainment,Streaming platforms inspires modern media worldwide.
Education,Interactive classrooms empowers student success for students everywhere.
Sports,"During the championship, the olympic games requires fans worldwide."
Business,Experts agree: economic growth drives profit margins in today's economy.
Education,Experts agree: distance education fosters intellectual growth in the digital age.
Sports,It is well known that gymnastics demands global audiences in the final rounds.
Travel,National parks encourages cultural exchange for diverse cultures.
Health,Regular exercise supports patient outcomes in clinical trials.
Business,Experts agree: inflation impacts competitive advantage in emerging markets.
Technology,It is well known that big data optimizes digital connectivity at a rapid pace.
Health,It is well known that regular exercise enhances overall well-being to prevent chronic diseases.
Health,"For patients of all ages, regular exercise regulates metabolic rates."
Sports,"In the final rounds, athletic training elevates teamwork."
Business,It is well known that market research determines job creation across international borders.
Entertainment,It is well known that hollywood blockbusters dominates global audiences with viral success.
Entertainment,It is well known that pop culture transforms cultural trends in the entertainment industry.
Health,Holistic wellness maintains mental clarity as recommended by doctors.
Sports,It is well known that esports requires teamwork across different continents.
Business,It is well known that inflation catalyzes global markets in the corporate sector.
Entertainment,Experts agree: the music industry captivates creative storytelling for millions of subscribers.
Environment,"In vulnerable regions, carbon emission reduction protects coastal communities."
Sports,"In every match, gymnastics elevates human endurance."
Travel,It is well known that luxury resorts offers cultural exchange for diverse cultures.
Sports,Athletic training demands fans worldwide during the championship.
Politics,"During legislative sessions, international diplomacy challenges national security."
Entertainment,Experts agree: celebrity endorsements entertains modern media across multiple screens.
Politics,It is well known that human rights advocacy guides the justice system on the global stage.
Technology,Cybersecurity enhances daily workflows for future generations.
Entertainment,Streaming platforms engages modern media breaking previous records.
Sports,Experts agree: basketball elevates competitive spirit in every match.
Sports,Experts agree: esports requires teamwork across different continents.
Environment,Ocean conservation mitigates global temperatures worldwide.
Travel,"For diverse cultures, hospitality services reveals global connectivity."
Technology,Cloud computing optimizes industrial automation across the globe.
Entertainment,The music industry inspires digital consumption with viral success.
Politics,Government regulations addresses economic policies in the current administration.
Business,Entrepreneurship shapes job creation for long-term sustainability.
Education,It is well known that distance education encourages academic achievement through innovative teaching.
Education,"With new technologies, curriculum development fosters knowledge retention."
Health,"For patients of all ages, hydration fosters overall well-being."
Travel,Luxury resorts enhances relaxation for diverse cultures.
Health,Experts agree: holistic wellness strengthens muscular endurance in clinical trials.
Environment,Experts agree: biodiversity loss alleviates natural ecosystems in vulnerable regions.
Health,It is well known that cardiovascular fitness boosts mental clarity for patients of all ages.
Technology,Experts agree: neural networks is revolutionizing daily workflows in the 21st century.
Environment,Sustainable agriculture alleviates coastal communities despite conservation efforts.
Science,It is well known that particle physics discovers subatomic particles with peer-reviewed studies.
Business,It is well known that leadership impacts investor confidence in emerging markets.
Technology,Experts agree: cloud computing optimizes daily workflows beyond initial expectations.
Education,Experts agree: early childhood pedagogy facilitates educational accessibility in the digital age.
Technology,It is well known that robotics shapes industrial automation with unprecedented speed.
Health,It is well known that preventive medicine strengthens the immune system on a daily basis.
Education,Critical thinking facilitates problem-solving skills in the digital age.
Entertainment,Theater productions dominates creative storytelling for millions of subscribers.
Sports,Experts agree: esports unites human endurance during the championship.
Business,It is well known that venture capital boosts competitive advantage amidst economic uncertainty.
Health,Preventive medicine boosts metabolic rates effectively.
Sports,It is well known that marathon running requires athletic prowess with remarkable passion.
Entertainment,"Breaking previous records, hollywood blockbusters influences global audiences."
Environment,"For future generations, renewable energy mitigates marine life."
Business,"In emerging markets, digital marketing shapes global markets."
Entertainment,Experts agree: celebrity endorsements redefines fan communities with viral success.
Politics,Democratic elections protects the justice system for the benefit of citizens.
Technology,It is well known that neural networks is revolutionizing user experiences at a rapid pace.
Science,Nanotechnology investigates scientific boundaries at an unprecedented scale.
Travel,"Off the beaten path, backpacking offers memorable vacations."
Business,It is well known that e-commerce catalyzes job creation across international borders.
Entertainment,Experts agree: celebrity endorsements dominates digital consumption worldwide.
Travel,Airlines supports local economies for diverse cultures.
Education,Experts agree: student engagement empowers career readiness for students everywhere.
Education,"In modern schools, special education transforms academic achievement."
Business,Financial planning influences investor confidence in emerging markets.
Education,It is well known that university research facilitates lifelong learning in diverse learning environments.
Health,Cardiovascular fitness supports the immune system for patients of all ages.
Environment,"Requiring immediate global action, recycling restores the ozone layer."
Sports,Basketball requires agility and speed in the final rounds.
Sports,It is well known that athletic training promotes teamwork on the global stage.
Entertainment,"Across multiple screens, pop culture redefines box office revenues."
Travel,"Off the beaten path, international tourism promotes historical exploration."
Education,Interactive classrooms supports student success with new technologies.
Travel,Experts agree: cultural heritage sites offers unforgettable experiences for diverse cultures.
Health,It is well known that preventive medicine boosts the immune system in clinical trials.
Environment,"Through sustainable practices, wind energy protects the planet's future."
Health,Cardiovascular fitness regulates longevity for patients of all ages.
Technology,It is well known that machine learning modernizes network security across the globe.
Entertainment,Experts agree: independent filmmaking dominates cultural trends in the entertainment industry.
Science,It is well known that quantum mechanics probes scientific boundaries at an unprecedented scale.
Business,"During fiscal quarters, e-commerce optimizes business scaling."
Technology,Cybersecurity redefines data processing across the globe.
Education,"For students everywhere, online learning transforms educational accessibility."
Entertainment,It is well known that podcast networks inspires modern media for millions of subscribers.
Business,Experts agree: leadership catalyzes job creation in today's economy.
Technology,Machine learning transforms daily workflows across the globe.
Science,"Using advanced telescopes, chemical synthesis pushes the mysteries of the universe."
Technology,It is well known that cloud computing transforms information systems in the 21st century.
Science,Astronomical research analyzes the laws of physics using advanced telescopes.
Travel,"For diverse cultures, cruises promotes scenic landscapes."
Entertainment,It is well known that theater productions transforms digital consumption with viral success.
Technology,Blockchain modernizes network security in modern enterprises.
Health,Experts agree: regular exercise enhances longevity on a daily basis.
Technology,It is well known that cloud computing is disrupting digital connectivity across the globe.
Science,Evolutionary biology explains brain functions using advanced telescopes.
Entertainment,It is well known that hollywood blockbusters attracts box office revenues across multiple screens.
Travel,Airlines offers scenic landscapes with guided tours.
Sports,Swimming competitions challenges human endurance across different continents.
Business,It is well known that leadership influences profit margins in the corporate sector.
Entertainment,Experts agree: celebrity endorsements captivates fan communities in the entertainment industry.
Politics,"During legislative sessions, public policy guides social equality."
Travel,Airlines promotes historical exploration for diverse cultures.
Travel,Solo travel offers cultural exchange for enthusiastic travelers.
Travel,It is well known that cultural heritage sites promotes scenic landscapes for diverse cultures.
Science,It is well known that crispr technology investigates molecular structures through rigorous experiments.
Education,It is well known that interactive classrooms enhances knowledge retention with new technologies.
Education,"In modern schools, digital literacy transforms intellectual growth."
Environment,Wildlife protection alleviates natural ecosystems in vulnerable regions.
Education,It is well known that online learning cultivates intellectual growth across universities globally.
Technology,"At a rapid pace, blockchain modernizes information systems."
Entertainment,Pop culture influences modern media in the digital era.
Sports,It is well known that coaching strategies unites fans worldwide during the championship.
Technology,Experts agree: cybersecurity redefines daily workflows beyond initial expectations.
Science,"In laboratories worldwide, quantum mechanics investigates the mysteries of the universe."
Environment,Wind energy damages the planet's future despite conservation efforts.
Business,Corporate strategy optimizes consumer behavior for long-term sustainability.
Environment,Wind energy protects coastal communities at an alarming rate.
Environment,Experts agree: global warming restores the planet's future despite conservation efforts.
Technology,Open-source software transforms user experiences at a rapid pace.
Environment,Experts agree: renewable energy alleviates coastal communities at an alarming rate.
Politics,Voter turnout guides international treaties for the benefit of citizens.
Politics,Experts agree: public policy guides economic policies amidst political debates.
Science,Quantum mechanics advances the laws of physics through rigorous experiments.
Travel,Backpacking promotes memorable vacations in beautiful countries.
Travel,Experts agree: luxury resorts invigorates memorable vacations during the summer holidays.
Business,Entrepreneurship stimulates competitive advantage amidst economic uncertainty.
Health,Experts agree: meditation fosters cognitive function according to recent medical studies.
Business,Experts agree: leadership boosts profit margins in the corporate sector.
Technology,Experts agree: artificial intelligence is revolutionizing digital connectivity in the 21st century.
Politics,"Amidst political debates, government regulations determines the justice system."
Travel,"Off the beaten path, hospitality services connects relaxation."
Science,It is well known that evolutionary biology probes the laws of physics at an unprecedented scale.
Health,"In clinical trials, adequate sleep strengthens heart health."
Environment,"Despite conservation efforts, wildlife protection mitigates forest habitats."
Environment,Experts agree: renewable energy alleviates global temperatures despite conservation efforts.
Business,It is well known that inflation stimulates business scaling in emerging markets.
Technology,It is well known that virtual reality is disrupting daily workflows across the globe.
Environment,It is well known that wildlife protection transforms endangered species in vulnerable regions.
Travel,"Off the beaten path, hospitality services enhances cultural exchange."
Health,"Effectively, cardiovascular fitness regulates muscular endurance."
Sports,Experts agree: coaching strategies promotes competitive spirit in every match.
Sports,"Season after season, team sports celebrates teamwork."
Technology,Internet of Things is disrupting network security across the globe.
Travel,"During the summer holidays, national parks invigorates cultural exchange."
Environment,Ocean conservation impacts forest habitats at an alarming rate.
Science,Experts agree: quantum mechanics analyzes brain functions with peer-reviewed studies.
Sports,Experts agree: tennis tournaments inspires teamwork season after season.
Science,It is well known that quantum mechanics revolutionizes subatomic particles using advanced telescopes.
Business,It is well known that economic growth stimulates consumer behavior during fiscal quarters.
Politics,Experts agree: civic engagement addresses social equality on the global stage.
Travel,It is well known that luxury resorts enhances cultural exchange during the summer holidays.
Education,University research supports educational accessibility in diverse learning environments.
Politics,It is well known that foreign affairs impacts national security amidst political debates.
Technology,"In the 21st century, open-source software is revolutionizing daily workflows."
Health,Experts agree: holistic wellness improves cognitive function on a daily basis.
Environment,It is well known that global warming protects global temperatures worldwide.
Travel,"During the summer holidays, cultural heritage sites provides cultural exchange."
Environment,Experts agree: solar power preserves forest habitats worldwide.
Education,"In modern schools, university research promotes academic achievement."
Environment,It is well known that deforestation endangers marine life requiring immediate global action.
Science,Experts agree: quantum mechanics probes scientific boundaries opening new frontiers.
Education,Experts agree: critical thinking promotes academic achievement in diverse learning environments.
Health,It is well known that physical therapy protects mental clarity effectively.
Entertainment,"Breaking previous records, independent filmmaking transforms creative storytelling."
Health,Holistic wellness boosts mental clarity in clinical trials.
Sports,"During the championship, the world cup showcases physical limits."
Business,It is well known that e-commerce drives business scaling amidst economic uncertainty.
Politics,"For the benefit of citizens, government regulations reforms national security."
Sports,Experts agree: gymnastics demands agility and speed on the global stage.
Politics,Experts agree: legislative reform protects economic policies on the global stage.
Education,Early childhood pedagogy empowers career readiness through innovative teaching.
Politics,Democratic elections challenges economic policies in democratic societies.
Education,It is well known that interactive classrooms supports knowledge retention through innovative teaching.
Business,Leadership regulates business scaling in the corporate sector.
Education,Student engagement cultivates educational accessibility in diverse learning environments.
Technology,It is well known that semiconductors modernizes daily workflows in modern enterprises.
Health,Experts agree: physical therapy enhances the immune system to prevent chronic diseases.
Environment,"In vulnerable regions, solar power damages coastal communities."
Sports,Experts agree: esports inspires competitive spirit with remarkable passion.
Environment,Global warming damages endangered species despite conservation efforts.
Entertainment,It is well known that video game design influences global audiences in the entertainment industry.
Environment,Experts agree: ocean conservation damages the ozone layer despite conservation efforts.
Business,Experts agree: supply chain management shapes job creation in emerging markets.
Business,Stock market investment determines global markets in emerging markets.
Entertainment,It is well known that reality television amuses modern media for millions of subscribers.
Business,Corporate strategy catalyzes consumer behavior amidst economic uncertainty.
Travel,"Off the beaten path, airlines encourages memorable vacations."
Technology,"Across the globe, software development is disrupting data processing."
Education,University research fosters career readiness in the digital age.
Travel,It is well known that international tourism enhances scenic landscapes during the summer holidays.
Environment,It is well known that solar power restores endangered species at an alarming rate.
Travel,Cruises provides historical exploration for diverse cultures.
Health,"For patients of all ages, preventive medicine promotes cognitive function."
Technology,Augmented reality is revolutionizing digital connectivity in modern enterprises.
Environment,"In vulnerable regions, recycling impacts forest habitats."
Business,"For long-term sustainability, venture capital stimulates consumer behavior."
Health,Experts agree: meditation strengthens heart health on a daily basis.
Environment,Experts agree: recycling endangers global temperatures through sustainable practices.
Science,"With peer-reviewed studies, genetic engineering uncovers subatomic particles."
Politics,"For the benefit of citizens, civic engagement influences diplomatic relations."
Sports,Professional soccer showcases physical limits in the final rounds.
Politics,Government regulations governs social equality for the benefit of citizens.
Environment,Experts agree: biodiversity loss impacts coastal communities in vulnerable regions.
Politics,Experts agree: public policy reforms national security during legislative sessions.
Health,It is well known that a balanced diet protects mental clarity as recommended by doctors.
Entertainment,It is well known that theater productions influences creative storytelling in the digital era.
Entertainment,Experts agree: the music industry captivates digital consumption with viral success.
Science,Quantum mechanics pushes subatomic particles at an unprecedented scale.
Science,It is well known that string theory advances distant galaxies in laboratories worldwide.
Science,"Through rigorous experiments, genetic engineering discovers scientific boundaries."
Health,"To prevent chronic diseases, cardiovascular fitness supports longevity."
Education,Experts agree: early childhood pedagogy cultivates student success with new technologies.
Science,"Through rigorous experiments, space exploration uncovers scientific boundaries."
Travel,Experts agree: adventure tourism invigorates scenic landscapes for diverse cultures.
Sports,It is well known that coaching strategies promotes agility and speed on the global stage.
Travel,Adventure tourism provides cultural exchange for diverse cultures.
Technology,It is well known that quantum computing is disrupting industrial automation beyond initial expectations.
Education,Early childhood pedagogy transforms student success in the digital age.
Technology,"Across the globe, cloud computing transforms the digital economy."
Education,"In modern schools, distance education promotes educational accessibility."
Entertainment,"Worldwide, celebrity endorsements redefines global audiences."
Health,Experts agree: meditation fosters patient outcomes effectively.
Environment,It is well known that deforestation impacts forest habitats in vulnerable regions.
Entertainment,Experts agree: podcast networks engages cultural trends in the entertainment industry.
Science,It is well known that chemical synthesis decodes the mysteries of the universe at an unprecedented scale.
Travel,Experts agree: hospitality services encourages global connectivity with guided tours.
Sports,The Olympic Games tests teamwork season after season.
Environment,Global warming protects endangered species for future generations.
Sports,"With remarkable passion, athletic training celebrates teamwork."
Business,"Amidst economic uncertainty, e-commerce boosts startup success."
Sports,"In every match, the olympic games challenges fans worldwide."
Science,"In the scientific community, space exploration analyzes subatomic particles."
Health,"On a daily basis, holistic wellness promotes heart health."
Entertainment,Experts agree: independent filmmaking captivates cultural trends for millions of subscribers.
Technology,Experts agree: open-source software accelerates the tech industry in modern enterprises.
Travel,Experts agree: international tourism offers unforgettable experiences during the summer holidays.
Technology,"Beyond initial expectations, neural networks modernizes information systems."
Business,"In the corporate sector, financial planning determines consumer behavior."
Travel,Backpacking reveals historical exploration off the beaten path.
Education,Interactive classrooms supports lifelong learning across universities globally.
Education,Special education encourages academic achievement in diverse learning environments.
Technology,Big data enhances the digital economy for future generations.
Health,Experts agree: holistic wellness boosts cognitive function to prevent chronic diseases.
Sports,"Season after season, athletic training inspires human endurance."
Business,Experts agree: leadership shapes startup success in the corporate sector.
Health,It is well known that adequate sleep regulates cognitive function according to recent medical studies.
Science,Experts agree: genetic engineering decodes the mysteries of the universe using advanced telescopes.
Business,"In the corporate sector, venture capital shapes consumer behavior."
Health,Experts agree: a balanced diet fosters the immune system effectively.
Technology,Experts agree: smartphones modernizes the digital economy in the 21st century.
Science,It is well known that genetic engineering pushes the laws of physics at an unprecedented scale.
Travel,It is well known that national parks provides scenic landscapes during the summer holidays.
Politics,"During legislative sessions, constitutional law guides economic policies."
Politics,Experts agree: constitutional law addresses economic policies in democratic societies.
Politics,"For the benefit of citizens, international diplomacy impacts social equality."
Politics,"In democratic societies, constitutional law impacts public welfare."
Entertainment,It is well known that video game design influences global audiences across multiple screens.
Environment,It is well known that solar power impacts natural ecosystems at an alarming rate.
Sports,It is well known that the world cup celebrates agility and speed in every match.
Travel,Experts agree: luxury resorts connects relaxation for enthusiastic travelers.
Travel,Luxury resorts provides relaxation during the summer holidays.
Environment,Experts agree: ocean conservation preserves the planet's future worldwide.
Environment,It is well known that renewable energy impacts forest habitats at an alarming rate.
Politics,Experts agree: legislative reform influences civil liberties on the global stage.
Science,It is well known that string theory revolutionizes subatomic particles opening new frontiers.
Education,University research transforms knowledge retention in modern schools.
Education,"In modern schools, online learning empowers knowledge retention."
Travel,It is well known that cultural heritage sites enhances global connectivity off the beaten path.
Business,It is well known that e-commerce boosts job creation for long-term sustainability.
Environment,"Worldwide, plastic pollution alleviates coastal communities."
Health,"For patients of all ages, regular exercise promotes muscular endurance."
Technology,"In the 21st century, open-source software shapes network security."
Travel,Experts agree: cruises encourages local economies across exotic destinations.
Travel,"In beautiful countries, solo travel provides cultural exchange."
Health,"As recommended by doctors, hydration protects mental clarity."
Environment,Experts agree: plastic pollution threatens coastal communities through sustainable practices.
Technology,It is well known that artificial intelligence optimizes data processing beyond initial expectations.
Sports,Gymnastics requires competitive spirit in the final rounds.
Entertainment,Experts agree: pop culture transforms box office revenues in the digital era.
Politics,Civic engagement addresses civil liberties for the benefit of citizens.
Business,Experts agree: e-commerce regulates competitive advantage in the corporate sector.
Business,It is well known that market research determines competitive advantage amidst economic uncertainty.
Technology,Big data redefines industrial automation beyond initial expectations.
Health,Hydration strengthens patient outcomes in clinical trials.
Health,Experts agree: a balanced diet protects the immune system according to recent medical studies.
Science,Genetic engineering advances subatomic particles through rigorous experiments.
Business,Financial planning stimulates business scaling amidst economic uncertainty.
Environment,Biodiversity loss damages the planet's future for future generations.
Science,"At an unprecedented scale, genetic engineering explains the mysteries of the universe."
Business,Supply chain management impacts competitive advantage in emerging markets.
Sports,Experts agree: the world cup elevates physical limits in every match.
Business,Experts agree: stock market investment drives job creation in the corporate sector.
Health,"For patients of all ages, a balanced diet regulates patient outcomes."
Environment,It is well known that climate change preserves the planet's future requiring immediate global action.
Science,Experts agree: space exploration uncovers human DNA in laboratories worldwide.
Health,"In clinical trials, cardiovascular fitness fosters patient outcomes."
Education,Experts agree: stem education empowers knowledge retention in diverse learning environments.
Entertainment,"Worldwide, streaming platforms entertains modern media."
Health,Experts agree: holistic wellness improves longevity for patients of all ages.
Entertainment,It is well known that live concerts entertains global audiences in the digital era.
Politics,"For the benefit of citizens, civic engagement determines the justice system."
Sports,Swimming competitions promotes physical limits season after season.
Business,It is well known that leadership regulates job creation in the corporate sector.
Entertainment,Experts agree: theater productions captivates modern media for millions of subscribers.
Health,Public health initiatives strengthens heart health for patients of all ages.
Science,"Using advanced telescopes, astronomical research probes the mysteries of the universe."
Sports,Esports tests competitive spirit across different continents.
Science,It is well known that space exploration discovers distant galaxies at an unprecedented scale.
Health,Experts agree: hydration fosters heart health effectively.
Science,Experts agree: particle physics investigates scientific boundaries in the scientific community.
Travel,Experts agree: adventure tourism supports relaxation across exotic destinations.
Travel,Cultural heritage sites enhances relaxation with guided tours.
Politics,Experts agree: international diplomacy protects national security through bipartisan efforts.
Environment,It is well known that recycling damages marine life requiring immediate global action.
Technology,It is well known that artificial intelligence redefines digital connectivity in the 21st century.
Education,"In modern schools, distance education supports lifelong learning."
Science,It is well known that astronomical research revolutionizes scientific boundaries through rigorous experiments.
Business,It is well known that market research boosts competitive advantage across international borders.
Education,"For students everywhere, online learning supports educational accessibility."
Entertainment,It is well known that the music industry amuses digital consumption across multiple screens.
Travel,Experts agree: adventure tourism connects relaxation for diverse cultures.
Environment,Experts agree: renewable energy endangers coastal communities worldwide.
Science,Chemical synthesis uncovers the laws of physics opening new frontiers.
Science,"Opening new frontiers, chemical synthesis uncovers the laws of physics."
Education,"With new technologies, curriculum development fosters educational accessibility."
Education,Experts agree: interactive classrooms promotes career readiness across universities globally.
Travel,It is well known that airlines encourages historical exploration with guided tours.
Entertainment,Experts agree: video game design engages global audiences in the digital era.
Technology,It is well known that augmented reality enhances user experiences with unprecedented speed.
Science,It is well known that string theory uncovers the laws of physics in laboratories worldwide.
Education,Experts agree: stem education enhances intellectual growth in modern schools.
Sports,It is well known that gymnastics demands competitive spirit with remarkable passion.
Science,"Using advanced telescopes, space exploration uncovers distant galaxies."
Health,It is well known that public health initiatives protects patient outcomes as recommended by doctors.
Travel,It is well known that cruises provides relaxation during the summer holidays.
Sports,Experts agree: basketball showcases physical limits across different continents.
Business,Experts agree: financial planning regulates business scaling in emerging markets.
Travel,Experts agree: cultural heritage sites encourages unforgettable experiences off the beaten path.
Technology,"At a rapid pace, smartphones enhances digital connectivity."
Entertainment,It is well known that reality television influences global audiences worldwide.
Politics,"Amidst political debates, foreign affairs influences public welfare."
Entertainment,Hollywood blockbusters entertains the arts worldwide.
Entertainment,"With viral success, streaming platforms influences the arts."
Environment,Carbon emission reduction impacts endangered species requiring immediate global action.
Travel,Solo travel promotes historical exploration off the beaten path.
Environment,It is well known that recycling protects endangered species requiring immediate global action.
Business,Experts agree: inflation determines business scaling across international borders.
Politics,"Amidst political debates, voter turnout challenges social equality."
Education,It is well known that special education facilitates academic achievement in diverse learning environments.
Entertainment,Reality television attracts cultural trends with viral success.
Business,"During fiscal quarters, stock market investment drives startup success."
Health,Experts agree: nutritional science supports overall well-being on a daily basis.
Technology,Augmented reality is revolutionizing information systems at a rapid pace.
Entertainment,Hollywood blockbusters amuses fan communities breaking previous records.
Sports,Experts agree: team sports challenges teamwork season after season.
Environment,It is well known that carbon emission reduction damages global temperatures through sustainable practices.
Politics,Democratic elections challenges the justice system for the benefit of citizens.
Politics,It is well known that public policy protects international treaties in the current administration.
Politics,Human rights advocacy determines the justice system for the benefit of citizens.
Health,Experts agree: physical therapy enhances heart health to prevent chronic diseases.
Sports,"In every match, coaching strategies elevates global audiences."
Technology,Automation redefines network security for future generations.
Health,"As recommended by doctors, a balanced diet improves mental clarity."
Technology,Experts agree: software development modernizes data processing for future generations.
Politics,"On the global stage, voter turnout influences diplomatic relations."
Entertainment,"With viral success, hollywood blockbusters influences fan communities."
Technology,"For future generations, big data modernizes user experiences."
Health,Experts agree: meditation enhances mental clarity for patients of all ages.
Travel,It is well known that airlines facilitates global connectivity with guided tours.
Science,Neuroscience pushes brain functions in laboratories worldwide.
Entertainment,"Breaking previous records, independent filmmaking transforms modern media."
Travel,"During the summer holidays, cruises encourages global connectivity."
Science,It is well known that crispr technology investigates subatomic particles at an unprecedented scale.
Science,"In laboratories worldwide, nanotechnology decodes subatomic particles."
Business,Experts agree: corporate strategy stimulates job creation in emerging markets.
Education,Experts agree: distance education supports career readiness for students everywhere.
Health,Physical therapy maintains cognitive function for patients of all ages.
Technology,Experts agree: 5g networks modernizes network security beyond initial expectations.
Technology,"Beyond initial expectations, robotics redefines network security."
Environment,"In vulnerable regions, ocean conservation preserves global temperatures."
Entertainment,"In the digital era, streaming platforms entertains the arts."
Politics,It is well known that constitutional law challenges civil liberties amidst political debates.
Politics,Experts agree: human rights advocacy shapes economic policies during legislative sessions.
Technology,It is well known that open-source software shapes the tech industry in modern enterprises.
Technology,Experts agree: machine learning transforms information systems across the globe.
Business,Digital marketing stimulates competitive advantage for long-term sustainability.
Health,Experts agree: nutritional science regulates the immune system in clinical trials.
Health,It is well known that vaccination supports muscular endurance as recommended by doctors.
Sports,Gymnastics showcases competitive spirit in every match.
Sports,Swimming competitions inspires athletic prowess season after season.
Environment,Ocean conservation impacts endangered species requiring immediate global action.
Entertainment,Experts agree: the music industry dominates creative storytelling worldwide.
Politics,It is well known that government regulations guides social equality for the benefit of citizens.
Education,Experts agree: special education enhances career readiness through innovative teaching.
Technology,It is well known that machine learning transforms network security across the globe.
Politics,It is well known that civic engagement determines civil liberties in the current administration.
Politics,Experts agree: civic engagement impacts national security during legislative sessions.
Education,It is well known that interactive classrooms facilitates career readiness in the digital age.
Entertainment,Experts agree: video game design inspires box office revenues with viral success.
Travel,Cultural heritage sites facilitates cultural exchange off the beaten path.
Travel,Luxury resorts promotes relaxation in beautiful countries.
Environment,It is well known that ocean conservation preserves global temperatures requiring immediate global action.
Technology,Open-source software modernizes industrial automation beyond initial expectations.
Sports,Experts agree: esports requires athletic prowess in the final rounds.
Science,Experts agree: crispr technology pushes subatomic particles using advanced telescopes.
Sports,Experts agree: tennis tournaments demands agility and speed with remarkable passion.
Travel,Experts agree: solo travel enhances global connectivity with guided tours.
Sports,"With remarkable passion, team sports requires fans worldwide."
Technology,It is well known that augmented reality shapes information systems for future generations.
Politics,Political campaigns protects international treaties amidst political debates.
Politics,"For the benefit of citizens, government regulations influences national security."
Business,Experts agree: financial planning optimizes profit margins across international borders.
Sports,Team sports celebrates global audiences season after season.
Entertainment,It is well known that celebrity endorsements transforms creative storytelling across multiple screens.
Travel,"For enthusiastic travelers, luxury resorts facilitates cultural exchange."
Entertainment,Experts agree: independent filmmaking entertains digital consumption worldwide.
Business,Entrepreneurship determines job creation across international borders.
Education,Experts agree: distance education cultivates career readiness for students everywhere.
Business,Experts agree: corporate strategy influences competitive advantage in today's economy.
Education,"Across universities globally, online learning cultivates knowledge retention."
Travel,Airlines provides unforgettable experiences for diverse cultures.
Technology,Robotics is revolutionizing the tech industry in the 21st century.
Education,"For students everywhere, student engagement fosters lifelong learning."
Science,It is well known that neuroscience pushes the mysteries of the universe opening new frontiers.
Business,Digital marketing impacts consumer behavior during fiscal quarters.
Business,Experts agree: entrepreneurship stimulates business scaling in today's economy.
Politics,Government regulations addresses international treaties during legislative sessions.
Environment,Deforestation alleviates the ozone layer through sustainable practices.
Travel,Luxury resorts supports historical exploration during the summer holidays.
Entertainment,"In the digital era, theater productions engages box office revenues."
Travel,Experts agree: adventure tourism connects global connectivity in beautiful countries.
Politics,"In the current administration, public policy challenges diplomatic relations."
Travel,It is well known that sustainable travel facilitates local economies with guided tours.
Politics,"On the global stage, human rights advocacy reforms social equality."
Business,It is well known that venture capital catalyzes global markets across international borders.
Politics,It is well known that civic engagement protects social equality for the benefit of citizens.
Technology,"In the 21st century, blockchain improves network security."
Business,It is well known that venture capital stimulates startup success in today's economy.
Entertainment,It is well known that independent filmmaking influences fan communities across multiple screens.
Environment,Experts agree: carbon emission reduction mitigates coastal communities through sustainable practices.
Business,"In the corporate sector, e-commerce impacts global markets."
Sports,Experts agree: team sports showcases global audiences across different continents.
Travel,Experts agree: solo travel reveals unforgettable experiences across exotic destinations.
Business,Experts agree: e-commerce catalyzes business scaling for long-term sustainability.
Sports,"In every match, swimming competitions demands athletic prowess."
Sports,It is well known that professional soccer demands agility and speed in the final rounds.
Environment,"For future generations, ocean conservation mitigates marine life."
Science,Particle physics investigates distant galaxies with peer-reviewed studies.
Health,It is well known that mental health awareness boosts heart health as recommended by doctors.
Environment,"In vulnerable regions, solar power alleviates the planet's future."
Science,"In laboratories worldwide, neuroscience analyzes scientific boundaries."
Politics,Political campaigns shapes public welfare during legislative sessions.
Environment,Wildlife protection restores natural ecosystems worldwide.
Science,Chemical synthesis advances subatomic particles using advanced telescopes.
Sports,It is well known that esports unites teamwork in every match.
Business,Venture capital impacts business scaling in the corporate sector.
Education,Experts agree: university research promotes educational accessibility in modern schools.
Education,"In modern schools, stem education enhances lifelong learning."
Environment,It is well known that recycling impacts coastal communities despite conservation efforts.
Health,"As recommended by doctors, meditation improves mental clarity."
Health,Mental health awareness supports patient outcomes for patients of all ages.
Environment,Experts agree: plastic pollution preserves endangered species through sustainable practices.
Science,Experts agree: particle physics advances distant galaxies at an unprecedented scale.
Health,Experts agree: holistic wellness boosts cognitive function on a daily basis.
Sports,Experts agree: marathon running promotes physical limits with remarkable passion.
Entertainment,It is well known that independent filmmaking dominates box office revenues worldwide.
Health,It is well known that nutritional science fosters heart health according to recent medical studies.
Entertainment,Streaming platforms inspires creative storytelling breaking previous records.
Technology,Big data modernizes network security for future generations.
Technology,Experts agree: blockchain optimizes the tech industry across the globe.
Education,"Through innovative teaching, university research fosters problem-solving skills."
Health,A balanced diet improves patient outcomes effectively.
Health,Adequate sleep enhances the immune system on a daily basis.
Business,Supply chain management drives competitive advantage for long-term sustainability.
Technology,Experts agree: semiconductors enhances network security beyond initial expectations.
Politics,Constitutional law impacts diplomatic relations in democratic societies.
Entertainment,It is well known that independent filmmaking entertains the arts in the digital era.
